Workbook
Name valuevx: 42.314159
Name LocationList: '_Locations'!$A$1:$A$37

Sheet Work Hours Summary
A1: 📊 WORK HOURS SUMMARY
A2: Pay Period: 1-15/16 Jan 2026 | Total Employees: 11
A4: # | B4: Employee Name | C4: Emp # | D4: Total Hrs | E4: Days Wkd | F4: Daily >12 | G4: Wkly >60 | H4: 7+ Days | I4: OT >40 | J4: Wkly <40 | K4: Daily <8 | L4: Days <5 | M4: Period <80 | N4: STATUS
A5: 1 | B5: Barnes, Mauva | C5: 0118 | D5: ='Barnes, Mauva'!I49 | E5: ='Barnes, Mauva'!Q50 | F5: =SUMPRODUCT((('Barnes, Mauva'!I14+'Barnes, Mauva'!I15)>12)*1)+SUMPRODUCT((('Barnes, Mauva'!I16+'Barnes, Mauva'!I17)>12)*1)+SUMPRODUCT((('Barnes, Mauva'!I18+'Barnes, Mauva'!I19)>12)*1)+SUMPRODUCT((('Barnes, Mauva'!I20+'Barnes, Mauva'!I21)>12)*1)+SUMPRODUCT((('Barnes, Mauva'!I22+'Barnes, Mauva'!I23)>12)*1)+SUMPRODUCT((('Barnes, Mauva'!I24+'Barnes, Mauva'!I25)>12)*1)+SUMPRODUCT((('Barnes, Mauva'!I26+'Barnes, Mauva'!I27)>12)*1)+SUMPRODUCT((('Barnes, Mauva'!I30+'Barnes, Mauva'!I31)>12)*1)+SUMPRODUCT((('Barnes, Mauva'!I32+'Barnes, Mauva'!I33)>12)*1)+SUMPRODUCT((('Barnes, Mauva'!I34+'Barnes, Mauva'!I35)>12)*1)+SUMPRODUCT((('Barnes, Mauva'!I36+'Barnes, Mauva'!I37)>12)*1)+SUMPRODUCT((('Barnes, Mauva'!I38+'Barnes, Mauva'!I39)>12)*1)+SUMPRODUCT((('Barnes, Mauva'!I40+'Barnes, Mauva'!I41)>12)*1)+SUMPRODUCT((('Barnes, Mauva'!I42+'Barnes, Mauva'!I43)>12)*1)+SUMPRODUCT((('Barnes, Mauva'!I45+'Barnes, Mauva'!I46)>12)*1)+SUMPRODUCT((('Barnes, Mauva'!I47+'Barnes, Mauva'!I48)>12)*1) | G5: =IF(MAX(SUM('Barnes, Mauva'!I14:I27),SUM('Barnes, Mauva'!I30:I43))>60,"Yes","") | H5: =IF(OR(AND(('Barnes, Mauva'!I14+'Barnes, Mauva'!I15)>0,('Barnes, Mauva'!I16+'Barnes, Mauva'!I17)>0,('Barnes, Mauva'!I18+'Barnes, Mauva'!I19)>0,('Barnes, Mauva'!I20+'Barnes, Mauva'!I21)>0,('Barnes, Mauva'!I22+'Barnes, Mauva'!I23)>0,('Barnes, Mauva'!I24+'Barnes, Mauva'!I25)>0,('Barnes, Mauva'!I26+'Barnes, Mauva'!I27)>0),AND(('Barnes, Mauva'!I30+'Barnes, Mauva'!I31)>0,('Barnes, Mauva'!I32+'Barnes, Mauva'!I33)>0,('Barnes, Mauva'!I34+'Barnes, Mauva'!I35)>0,('Barnes, Mauva'!I36+'Barnes, Mauva'!I37)>0,('Barnes, Mauva'!I38+'Barnes, Mauva'!I39)>0,('Barnes, Mauva'!I40+'Barnes, Mauva'!I41)>0,('Barnes, Mauva'!I42+'Barnes, Mauva'!I43)>0)),"Yes","") | I5: =IF('Barnes, Mauva'!N49>40,"Yes","") | J5: =IF(OR(AND(SUM('Barnes, Mauva'!I14:I27)>0,SUM('Barnes, Mauva'!I14:I27)<40),AND(SUM('Barnes, Mauva'!I30:I43)>0,SUM('Barnes, Mauva'!I30:I43)<40)),"Yes","") | K5: =SUMPRODUCT(('Barnes, Mauva'!I14:I48>0)*('Barnes, Mauva'!I14:I48<8)) | L5: =IF('Barnes, Mauva'!Q50<5,"Yes","") | M5: =IF(AND('Barnes, Mauva'!I49>0,'Barnes, Mauva'!I49<80),"Yes","") | N5: =IF(OR(F5>0,G5="Yes",H5="Yes",I5="Yes"),"⚠️ OVERWORK",IF(OR(J5="Yes",K5>0,L5="Yes",M5="Yes"),"🔻 UNDERWORK","✓ OK"))
A6: 2 | B6: Browne, Francianna Milissa | C6: 2234 | D6: ='Browne, Francianna Milissa'!I49 | E6: ='Browne, Francianna Milissa'!Q50 | F6: =SUMPRODUCT((('Browne, Francianna Milissa'!I14+'Browne, Francianna Milissa'!I15)>12)*1)+SUMPRODUCT((('Browne, Francianna Milissa'!I16+'Browne, Francianna Milissa'!I17)>12)*1)+SUMPRODUCT((('Browne, Francianna Milissa'!I18+'Browne, Francianna Milissa'!I19)>12)*1)+SUMPRODUCT((('Browne, Francianna Milissa'!I20+'Browne, Francianna Milissa'!I21)>12)*1)+SUMPRODUCT((('Browne, Francianna Milissa'!I22+'Browne, Francianna Milissa'!I23)>12)*1)+SUMPRODUCT((('Browne, Francianna Milissa'!I24+'Browne, Francianna Milissa'!I25)>12)*1)+SUMPRODUCT((('Browne, Francianna Milissa'!I26+'Browne, Francianna Milissa'!I27)>12)*1)+SUMPRODUCT((('Browne, Francianna Milissa'!I30+'Browne, Francianna Milissa'!I31)>12)*1)+SUMPRODUCT((('Browne, Francianna Milissa'!I32+'Browne, Francianna Milissa'!I33)>12)*1)+SUMPRODUCT((('Browne, Francianna Milissa'!I34+'Browne, Francianna Milissa'!I35)>12)*1)+SUMPRODUCT((('Browne, Francianna Milissa'!I36+'Browne, Francianna Milissa'!I37)>12)*1)+SUMPRODUCT((('Browne, Francianna Milissa'!I38+'Browne, Francianna Milissa'!I39)>12)*1)+SUMPRODUCT((('Browne, Francianna Milissa'!I40+'Browne, Francianna Milissa'!I41)>12)*1)+SUMPRODUCT((('Browne, Francianna Milissa'!I42+'Browne, Francianna Milissa'!I43)>12)*1)+SUMPRODUCT((('Browne, Francianna Milissa'!I45+'Browne, Francianna Milissa'!I46)>12)*1)+SUMPRODUCT((('Browne, Francianna Milissa'!I47+'Browne, Francianna Milissa'!I48)>12)*1) | G6: =IF(MAX(SUM('Browne, Francianna Milissa'!I14:I27),SUM('Browne, Francianna Milissa'!I30:I43))>60,"Yes","") | H6: =IF(OR(AND(('Browne, Francianna Milissa'!I14+'Browne, Francianna Milissa'!I15)>0,('Browne, Francianna Milissa'!I16+'Browne, Francianna Milissa'!I17)>0,('Browne, Francianna Milissa'!I18+'Browne, Francianna Milissa'!I19)>0,('Browne, Francianna Milissa'!I20+'Browne, Francianna Milissa'!I21)>0,('Browne, Francianna Milissa'!I22+'Browne, Francianna Milissa'!I23)>0,('Browne, Francianna Milissa'!I24+'Browne, Francianna Milissa'!I25)>0,('Browne, Francianna Milissa'!I26+'Browne, Francianna Milissa'!I27)>0),AND(('Browne, Francianna Milissa'!I30+'Browne, Francianna Milissa'!I31)>0,('Browne, Francianna Milissa'!I32+'Browne, Francianna Milissa'!I33)>0,('Browne, Francianna Milissa'!I34+'Browne, Francianna Milissa'!I35)>0,('Browne, Francianna Milissa'!I36+'Browne, Francianna Milissa'!I37)>0,('Browne, Francianna Milissa'!I38+'Browne, Francianna Milissa'!I39)>0,('Browne, Francianna Milissa'!I40+'Browne, Francianna Milissa'!I41)>0,('Browne, Francianna Milissa'!I42+'Browne, Francianna Milissa'!I43)>0)),"Yes","") | I6: =IF('Browne, Francianna Milissa'!N49>40,"Yes","") | J6: =IF(OR(AND(SUM('Browne, Francianna Milissa'!I14:I27)>0,SUM('Browne, Francianna Milissa'!I14:I27)<40),AND(SUM('Browne, Francianna Milissa'!I30:I43)>0,SUM('Browne, Francianna Milissa'!I30:I43)<40)),"Yes","") | K6: =SUMPRODUCT(('Browne, Francianna Milissa'!I14:I48>0)*('Browne, Francianna Milissa'!I14:I48<8)) | L6: =IF('Browne, Francianna Milissa'!Q50<5,"Yes","") | M6: =IF(AND('Browne, Francianna Milissa'!I49>0,'Browne, Francianna Milissa'!I49<80),"Yes","") | N6: =IF(OR(F6>0,G6="Yes",H6="Yes",I6="Yes"),"⚠️ OVERWORK",IF(OR(J6="Yes",K6>0,L6="Yes",M6="Yes"),"🔻 UNDERWORK","✓ OK"))
A7: 3 | B7: Daniels, John Llewellyn | C7: 4777 | D7: ='Daniels, John Llewellyn'!I49 | E7: ='Daniels, John Llewellyn'!Q50 | F7: =SUMPRODUCT((('Daniels, John Llewellyn'!I14+'Daniels, John Llewellyn'!I15)>12)*1)+SUMPRODUCT((('Daniels, John Llewellyn'!I16+'Daniels, John Llewellyn'!I17)>12)*1)+SUMPRODUCT((('Daniels, John Llewellyn'!I18+'Daniels, John Llewellyn'!I19)>12)*1)+SUMPRODUCT((('Daniels, John Llewellyn'!I20+'Daniels, John Llewellyn'!I21)>12)*1)+SUMPRODUCT((('Daniels, John Llewellyn'!I22+'Daniels, John Llewellyn'!I23)>12)*1)+SUMPRODUCT((('Daniels, John Llewellyn'!I24+'Daniels, John Llewellyn'!I25)>12)*1)+SUMPRODUCT((('Daniels, John Llewellyn'!I26+'Daniels, John Llewellyn'!I27)>12)*1)+SUMPRODUCT((('Daniels, John Llewellyn'!I30+'Daniels, John Llewellyn'!I31)>12)*1)+SUMPRODUCT((('Daniels, John Llewellyn'!I32+'Daniels, John Llewellyn'!I33)>12)*1)+SUMPRODUCT((('Daniels, John Llewellyn'!I34+'Daniels, John Llewellyn'!I35)>12)*1)+SUMPRODUCT((('Daniels, John Llewellyn'!I36+'Daniels, John Llewellyn'!I37)>12)*1)+SUMPRODUCT((('Daniels, John Llewellyn'!I38+'Daniels, John Llewellyn'!I39)>12)*1)+SUMPRODUCT((('Daniels, John Llewellyn'!I40+'Daniels, John Llewellyn'!I41)>12)*1)+SUMPRODUCT((('Daniels, John Llewellyn'!I42+'Daniels, John Llewellyn'!I43)>12)*1)+SUMPRODUCT((('Daniels, John Llewellyn'!I45+'Daniels, John Llewellyn'!I46)>12)*1)+SUMPRODUCT((('Daniels, John Llewellyn'!I47+'Daniels, John Llewellyn'!I48)>12)*1) | G7: =IF(MAX(SUM('Daniels, John Llewellyn'!I14:I27),SUM('Daniels, John Llewellyn'!I30:I43))>60,"Yes","") | H7: =IF(OR(AND(('Daniels, John Llewellyn'!I14+'Daniels, John Llewellyn'!I15)>0,('Daniels, John Llewellyn'!I16+'Daniels, John Llewellyn'!I17)>0,('Daniels, John Llewellyn'!I18+'Daniels, John Llewellyn'!I19)>0,('Daniels, John Llewellyn'!I20+'Daniels, John Llewellyn'!I21)>0,('Daniels, John Llewellyn'!I22+'Daniels, John Llewellyn'!I23)>0,('Daniels, John Llewellyn'!I24+'Daniels, John Llewellyn'!I25)>0,('Daniels, John Llewellyn'!I26+'Daniels, John Llewellyn'!I27)>0),AND(('Daniels, John Llewellyn'!I30+'Daniels, John Llewellyn'!I31)>0,('Daniels, John Llewellyn'!I32+'Daniels, John Llewellyn'!I33)>0,('Daniels, John Llewellyn'!I34+'Daniels, John Llewellyn'!I35)>0,('Daniels, John Llewellyn'!I36+'Daniels, John Llewellyn'!I37)>0,('Daniels, John Llewellyn'!I38+'Daniels, John Llewellyn'!I39)>0,('Daniels, John Llewellyn'!I40+'Daniels, John Llewellyn'!I41)>0,('Daniels, John Llewellyn'!I42+'Daniels, John Llewellyn'!I43)>0)),"Yes","") | I7: =IF('Daniels, John Llewellyn'!N49>40,"Yes","") | J7: =IF(OR(AND(SUM('Daniels, John Llewellyn'!I14:I27)>0,SUM('Daniels, John Llewellyn'!I14:I27)<40),AND(SUM('Daniels, John Llewellyn'!I30:I43)>0,SUM('Daniels, John Llewellyn'!I30:I43)<40)),"Yes","") | K7: =SUMPRODUCT(('Daniels, John Llewellyn'!I14:I48>0)*('Daniels, John Llewellyn'!I14:I48<8)) | L7: =IF('Daniels, John Llewellyn'!Q50<5,"Yes","") | M7: =IF(AND('Daniels, John Llewellyn'!I49>0,'Daniels, John Llewellyn'!I49<80),"Yes","") | N7: =IF(OR(F7>0,G7="Yes",H7="Yes",I7="Yes"),"⚠️ OVERWORK",IF(OR(J7="Yes",K7>0,L7="Yes",M7="Yes"),"🔻 UNDERWORK","✓ OK"))
A8: 4 | B8: David, Jewelle Phillipa | C8: 571 | D8: ='David, Jewelle Phillipa'!I49 | E8: ='David, Jewelle Phillipa'!Q50 | F8: =SUMPRODUCT((('David, Jewelle Phillipa'!I14+'David, Jewelle Phillipa'!I15)>12)*1)+SUMPRODUCT((('David, Jewelle Phillipa'!I16+'David, Jewelle Phillipa'!I17)>12)*1)+SUMPRODUCT((('David, Jewelle Phillipa'!I18+'David, Jewelle Phillipa'!I19)>12)*1)+SUMPRODUCT((('David, Jewelle Phillipa'!I20+'David, Jewelle Phillipa'!I21)>12)*1)+SUMPRODUCT((('David, Jewelle Phillipa'!I22+'David, Jewelle Phillipa'!I23)>12)*1)+SUMPRODUCT((('David, Jewelle Phillipa'!I24+'David, Jewelle Phillipa'!I25)>12)*1)+SUMPRODUCT((('David, Jewelle Phillipa'!I26+'David, Jewelle Phillipa'!I27)>12)*1)+SUMPRODUCT((('David, Jewelle Phillipa'!I30+'David, Jewelle Phillipa'!I31)>12)*1)+SUMPRODUCT((('David, Jewelle Phillipa'!I32+'David, Jewelle Phillipa'!I33)>12)*1)+SUMPRODUCT((('David, Jewelle Phillipa'!I34+'David, Jewelle Phillipa'!I35)>12)*1)+SUMPRODUCT((('David, Jewelle Phillipa'!I36+'David, Jewelle Phillipa'!I37)>12)*1)+SUMPRODUCT((('David, Jewelle Phillipa'!I38+'David, Jewelle Phillipa'!I39)>12)*1)+SUMPRODUCT((('David, Jewelle Phillipa'!I40+'David, Jewelle Phillipa'!I41)>12)*1)+SUMPRODUCT((('David, Jewelle Phillipa'!I42+'David, Jewelle Phillipa'!I43)>12)*1)+SUMPRODUCT((('David, Jewelle Phillipa'!I45+'David, Jewelle Phillipa'!I46)>12)*1)+SUMPRODUCT((('David, Jewelle Phillipa'!I47+'David, Jewelle Phillipa'!I48)>12)*1) | G8: =IF(MAX(SUM('David, Jewelle Phillipa'!I14:I27),SUM('David, Jewelle Phillipa'!I30:I43))>60,"Yes","") | H8: =IF(OR(AND(('David, Jewelle Phillipa'!I14+'David, Jewelle Phillipa'!I15)>0,('David, Jewelle Phillipa'!I16+'David, Jewelle Phillipa'!I17)>0,('David, Jewelle Phillipa'!I18+'David, Jewelle Phillipa'!I19)>0,('David, Jewelle Phillipa'!I20+'David, Jewelle Phillipa'!I21)>0,('David, Jewelle Phillipa'!I22+'David, Jewelle Phillipa'!I23)>0,('David, Jewelle Phillipa'!I24+'David, Jewelle Phillipa'!I25)>0,('David, Jewelle Phillipa'!I26+'David, Jewelle Phillipa'!I27)>0),AND(('David, Jewelle Phillipa'!I30+'David, Jewelle Phillipa'!I31)>0,('David, Jewelle Phillipa'!I32+'David, Jewelle Phillipa'!I33)>0,('David, Jewelle Phillipa'!I34+'David, Jewelle Phillipa'!I35)>0,('David, Jewelle Phillipa'!I36+'David, Jewelle Phillipa'!I37)>0,('David, Jewelle Phillipa'!I38+'David, Jewelle Phillipa'!I39)>0,('David, Jewelle Phillipa'!I40+'David, Jewelle Phillipa'!I41)>0,('David, Jewelle Phillipa'!I42+'David, Jewelle Phillipa'!I43)>0)),"Yes","") | I8: =IF('David, Jewelle Phillipa'!N49>40,"Yes","") | J8: =IF(OR(AND(SUM('David, Jewelle Phillipa'!I14:I27)>0,SUM('David, Jewelle Phillipa'!I14:I27)<40),AND(SUM('David, Jewelle Phillipa'!I30:I43)>0,SUM('David, Jewelle Phillipa'!I30:I43)<40)),"Yes","") | K8: =SUMPRODUCT(('David, Jewelle Phillipa'!I14:I48>0)*('David, Jewelle Phillipa'!I14:I48<8)) | L8: =IF('David, Jewelle Phillipa'!Q50<5,"Yes","") | M8: =IF(AND('David, Jewelle Phillipa'!I49>0,'David, Jewelle Phillipa'!I49<80),"Yes","") | N8: =IF(OR(F8>0,G8="Yes",H8="Yes",I8="Yes"),"⚠️ OVERWORK",IF(OR(J8="Yes",K8>0,L8="Yes",M8="Yes"),"🔻 UNDERWORK","✓ OK"))
A9: 5 | B9: Dorsett, Susan Patricia | C9: 971 | D9: ='Dorsett, Susan Patricia'!I49 | E9: ='Dorsett, Susan Patricia'!Q50 | F9: =SUMPRODUCT((('Dorsett, Susan Patricia'!I14+'Dorsett, Susan Patricia'!I15)>12)*1)+SUMPRODUCT((('Dorsett, Susan Patricia'!I16+'Dorsett, Susan Patricia'!I17)>12)*1)+SUMPRODUCT((('Dorsett, Susan Patricia'!I18+'Dorsett, Susan Patricia'!I19)>12)*1)+SUMPRODUCT((('Dorsett, Susan Patricia'!I20+'Dorsett, Susan Patricia'!I21)>12)*1)+SUMPRODUCT((('Dorsett, Susan Patricia'!I22+'Dorsett, Susan Patricia'!I23)>12)*1)+SUMPRODUCT((('Dorsett, Susan Patricia'!I24+'Dorsett, Susan Patricia'!I25)>12)*1)+SUMPRODUCT((('Dorsett, Susan Patricia'!I26+'Dorsett, Susan Patricia'!I27)>12)*1)+SUMPRODUCT((('Dorsett, Susan Patricia'!I30+'Dorsett, Susan Patricia'!I31)>12)*1)+SUMPRODUCT((('Dorsett, Susan Patricia'!I32+'Dorsett, Susan Patricia'!I33)>12)*1)+SUMPRODUCT((('Dorsett, Susan Patricia'!I34+'Dorsett, Susan Patricia'!I35)>12)*1)+SUMPRODUCT((('Dorsett, Susan Patricia'!I36+'Dorsett, Susan Patricia'!I37)>12)*1)+SUMPRODUCT((('Dorsett, Susan Patricia'!I38+'Dorsett, Susan Patricia'!I39)>12)*1)+SUMPRODUCT((('Dorsett, Susan Patricia'!I40+'Dorsett, Susan Patricia'!I41)>12)*1)+SUMPRODUCT((('Dorsett, Susan Patricia'!I42+'Dorsett, Susan Patricia'!I43)>12)*1)+SUMPRODUCT((('Dorsett, Susan Patricia'!I45+'Dorsett, Susan Patricia'!I46)>12)*1)+SUMPRODUCT((('Dorsett, Susan Patricia'!I47+'Dorsett, Susan Patricia'!I48)>12)*1) | G9: =IF(MAX(SUM('Dorsett, Susan Patricia'!I14:I27),SUM('Dorsett, Susan Patricia'!I30:I43))>60,"Yes","") | H9: =IF(OR(AND(('Dorsett, Susan Patricia'!I14+'Dorsett, Susan Patricia'!I15)>0,('Dorsett, Susan Patricia'!I16+'Dorsett, Susan Patricia'!I17)>0,('Dorsett, Susan Patricia'!I18+'Dorsett, Susan Patricia'!I19)>0,('Dorsett, Susan Patricia'!I20+'Dorsett, Susan Patricia'!I21)>0,('Dorsett, Susan Patricia'!I22+'Dorsett, Susan Patricia'!I23)>0,('Dorsett, Susan Patricia'!I24+'Dorsett, Susan Patricia'!I25)>0,('Dorsett, Susan Patricia'!I26+'Dorsett, Susan Patricia'!I27)>0),AND(('Dorsett, Susan Patricia'!I30+'Dorsett, Susan Patricia'!I31)>0,('Dorsett, Susan Patricia'!I32+'Dorsett, Susan Patricia'!I33)>0,('Dorsett, Susan Patricia'!I34+'Dorsett, Susan Patricia'!I35)>0,('Dorsett, Susan Patricia'!I36+'Dorsett, Susan Patricia'!I37)>0,('Dorsett, Susan Patricia'!I38+'Dorsett, Susan Patricia'!I39)>0,('Dorsett, Susan Patricia'!I40+'Dorsett, Susan Patricia'!I41)>0,('Dorsett, Susan Patricia'!I42+'Dorsett, Susan Patricia'!I43)>0)),"Yes","") | I9: =IF('Dorsett, Susan Patricia'!N49>40,"Yes","") | J9: =IF(OR(AND(SUM('Dorsett, Susan Patricia'!I14:I27)>0,SUM('Dorsett, Susan Patricia'!I14:I27)<40),AND(SUM('Dorsett, Susan Patricia'!I30:I43)>0,SUM('Dorsett, Susan Patricia'!I30:I43)<40)),"Yes","") | K9: =SUMPRODUCT(('Dorsett, Susan Patricia'!I14:I48>0)*('Dorsett, Susan Patricia'!I14:I48<8)) | L9: =IF('Dorsett, Susan Patricia'!Q50<5,"Yes","") | M9: =IF(AND('Dorsett, Susan Patricia'!I49>0,'Dorsett, Susan Patricia'!I49<80),"Yes","") | N9: =IF(OR(F9>0,G9="Yes",H9="Yes",I9="Yes"),"⚠️ OVERWORK",IF(OR(J9="Yes",K9>0,L9="Yes",M9="Yes"),"🔻 UNDERWORK","✓ OK"))
A10: 6 | B10: Henry, Colin Vincent | C10: 5507 | D10: ='Henry, Colin Vincent'!I49 | E10: ='Henry, Colin Vincent'!Q50 | F10: =SUMPRODUCT((('Henry, Colin Vincent'!I14+'Henry, Colin Vincent'!I15)>12)*1)+SUMPRODUCT((('Henry, Colin Vincent'!I16+'Henry, Colin Vincent'!I17)>12)*1)+SUMPRODUCT((('Henry, Colin Vincent'!I18+'Henry, Colin Vincent'!I19)>12)*1)+SUMPRODUCT((('Henry, Colin Vincent'!I20+'Henry, Colin Vincent'!I21)>12)*1)+SUMPRODUCT((('Henry, Colin Vincent'!I22+'Henry, Colin Vincent'!I23)>12)*1)+SUMPRODUCT((('Henry, Colin Vincent'!I24+'Henry, Colin Vincent'!I25)>12)*1)+SUMPRODUCT((('Henry, Colin Vincent'!I26+'Henry, Colin Vincent'!I27)>12)*1)+SUMPRODUCT((('Henry, Colin Vincent'!I30+'Henry, Colin Vincent'!I31)>12)*1)+SUMPRODUCT((('Henry, Colin Vincent'!I32+'Henry, Colin Vincent'!I33)>12)*1)+SUMPRODUCT((('Henry, Colin Vincent'!I34+'Henry, Colin Vincent'!I35)>12)*1)+SUMPRODUCT((('Henry, Colin Vincent'!I36+'Henry, Colin Vincent'!I37)>12)*1)+SUMPRODUCT((('Henry, Colin Vincent'!I38+'Henry, Colin Vincent'!I39)>12)*1)+SUMPRODUCT((('Henry, Colin Vincent'!I40+'Henry, Colin Vincent'!I41)>12)*1)+SUMPRODUCT((('Henry, Colin Vincent'!I42+'Henry, Colin Vincent'!I43)>12)*1)+SUMPRODUCT((('Henry, Colin Vincent'!I45+'Henry, Colin Vincent'!I46)>12)*1)+SUMPRODUCT((('Henry, Colin Vincent'!I47+'Henry, Colin Vincent'!I48)>12)*1) | G10: =IF(MAX(SUM('Henry, Colin Vincent'!I14:I27),SUM('Henry, Colin Vincent'!I30:I43))>60,"Yes","") | H10: =IF(OR(AND(('Henry, Colin Vincent'!I14+'Henry, Colin Vincent'!I15)>0,('Henry, Colin Vincent'!I16+'Henry, Colin Vincent'!I17)>0,('Henry, Colin Vincent'!I18+'Henry, Colin Vincent'!I19)>0,('Henry, Colin Vincent'!I20+'Henry, Colin Vincent'!I21)>0,('Henry, Colin Vincent'!I22+'Henry, Colin Vincent'!I23)>0,('Henry, Colin Vincent'!I24+'Henry, Colin Vincent'!I25)>0,('Henry, Colin Vincent'!I26+'Henry, Colin Vincent'!I27)>0),AND(('Henry, Colin Vincent'!I30+'Henry, Colin Vincent'!I31)>0,('Henry, Colin Vincent'!I32+'Henry, Colin Vincent'!I33)>0,('Henry, Colin Vincent'!I34+'Henry, Colin Vincent'!I35)>0,('Henry, Colin Vincent'!I36+'Henry, Colin Vincent'!I37)>0,('Henry, Colin Vincent'!I38+'Henry, Colin Vincent'!I39)>0,('Henry, Colin Vincent'!I40+'Henry, Colin Vincent'!I41)>0,('Henry, Colin Vincent'!I42+'Henry, Colin Vincent'!I43)>0)),"Yes","") | I10: =IF('Henry, Colin Vincent'!N49>40,"Yes","") | J10: =IF(OR(AND(SUM('Henry, Colin Vincent'!I14:I27)>0,SUM('Henry, Colin Vincent'!I14:I27)<40),AND(SUM('Henry, Colin Vincent'!I30:I43)>0,SUM('Henry, Colin Vincent'!I30:I43)<40)),"Yes","") | K10: =SUMPRODUCT(('Henry, Colin Vincent'!I14:I48>0)*('Henry, Colin Vincent'!I14:I48<8)) | L10: =IF('Henry, Colin Vincent'!Q50<5,"Yes","") | M10: =IF(AND('Henry, Colin Vincent'!I49>0,'Henry, Colin Vincent'!I49<80),"Yes","") | N10: =IF(OR(F10>0,G10="Yes",H10="Yes",I10="Yes"),"⚠️ OVERWORK",IF(OR(J10="Yes",K10>0,L10="Yes",M10="Yes"),"🔻 UNDERWORK","✓ OK"))
A11: 7 | B11: Pearson, Roslyn Andrea | C11: 755 | D11: ='Pearson, Roslyn Andrea'!I49 | E11: ='Pearson, Roslyn Andrea'!Q50 | F11: =SUMPRODUCT((('Pearson, Roslyn Andrea'!I14+'Pearson, Roslyn Andrea'!I15)>12)*1)+SUMPRODUCT((('Pearson, Roslyn Andrea'!I16+'Pearson, Roslyn Andrea'!I17)>12)*1)+SUMPRODUCT((('Pearson, Roslyn Andrea'!I18+'Pearson, Roslyn Andrea'!I19)>12)*1)+SUMPRODUCT((('Pearson, Roslyn Andrea'!I20+'Pearson, Roslyn Andrea'!I21)>12)*1)+SUMPRODUCT((('Pearson, Roslyn Andrea'!I22+'Pearson, Roslyn Andrea'!I23)>12)*1)+SUMPRODUCT((('Pearson, Roslyn Andrea'!I24+'Pearson, Roslyn Andrea'!I25)>12)*1)+SUMPRODUCT((('Pearson, Roslyn Andrea'!I26+'Pearson, Roslyn Andrea'!I27)>12)*1)+SUMPRODUCT((('Pearson, Roslyn Andrea'!I30+'Pearson, Roslyn Andrea'!I31)>12)*1)+SUMPRODUCT((('Pearson, Roslyn Andrea'!I32+'Pearson, Roslyn Andrea'!I33)>12)*1)+SUMPRODUCT((('Pearson, Roslyn Andrea'!I34+'Pearson, Roslyn Andrea'!I35)>12)*1)+SUMPRODUCT((('Pearson, Roslyn Andrea'!I36+'Pearson, Roslyn Andrea'!I37)>12)*1)+SUMPRODUCT((('Pearson, Roslyn Andrea'!I38+'Pearson, Roslyn Andrea'!I39)>12)*1)+SUMPRODUCT((('Pearson, Roslyn Andrea'!I40+'Pearson, Roslyn Andrea'!I41)>12)*1)+SUMPRODUCT((('Pearson, Roslyn Andrea'!I42+'Pearson, Roslyn Andrea'!I43)>12)*1)+SUMPRODUCT((('Pearson, Roslyn Andrea'!I45+'Pearson, Roslyn Andrea'!I46)>12)*1)+SUMPRODUCT((('Pearson, Roslyn Andrea'!I47+'Pearson, Roslyn Andrea'!I48)>12)*1) | G11: =IF(MAX(SUM('Pearson, Roslyn Andrea'!I14:I27),SUM('Pearson, Roslyn Andrea'!I30:I43))>60,"Yes","") | H11: =IF(OR(AND(('Pearson, Roslyn Andrea'!I14+'Pearson, Roslyn Andrea'!I15)>0,('Pearson, Roslyn Andrea'!I16+'Pearson, Roslyn Andrea'!I17)>0,('Pearson, Roslyn Andrea'!I18+'Pearson, Roslyn Andrea'!I19)>0,('Pearson, Roslyn Andrea'!I20+'Pearson, Roslyn Andrea'!I21)>0,('Pearson, Roslyn Andrea'!I22+'Pearson, Roslyn Andrea'!I23)>0,('Pearson, Roslyn Andrea'!I24+'Pearson, Roslyn Andrea'!I25)>0,('Pearson, Roslyn Andrea'!I26+'Pearson, Roslyn Andrea'!I27)>0),AND(('Pearson, Roslyn Andrea'!I30+'Pearson, Roslyn Andrea'!I31)>0,('Pearson, Roslyn Andrea'!I32+'Pearson, Roslyn Andrea'!I33)>0,('Pearson, Roslyn Andrea'!I34+'Pearson, Roslyn Andrea'!I35)>0,('Pearson, Roslyn Andrea'!I36+'Pearson, Roslyn Andrea'!I37)>0,('Pearson, Roslyn Andrea'!I38+'Pearson, Roslyn Andrea'!I39)>0,('Pearson, Roslyn Andrea'!I40+'Pearson, Roslyn Andrea'!I41)>0,('Pearson, Roslyn Andrea'!I42+'Pearson, Roslyn Andrea'!I43)>0)),"Yes","") | I11: =IF('Pearson, Roslyn Andrea'!N49>40,"Yes","") | J11: =IF(OR(AND(SUM('Pearson, Roslyn Andrea'!I14:I27)>0,SUM('Pearson, Roslyn Andrea'!I14:I27)<40),AND(SUM('Pearson, Roslyn Andrea'!I30:I43)>0,SUM('Pearson, Roslyn Andrea'!I30:I43)<40)),"Yes","") | K11: =SUMPRODUCT(('Pearson, Roslyn Andrea'!I14:I48>0)*('Pearson, Roslyn Andrea'!I14:I48<8)) | L11: =IF('Pearson, Roslyn Andrea'!Q50<5,"Yes","") | M11: =IF(AND('Pearson, Roslyn Andrea'!I49>0,'Pearson, Roslyn Andrea'!I49<80),"Yes","") | N11: =IF(OR(F11>0,G11="Yes",H11="Yes",I11="Yes"),"⚠️ OVERWORK",IF(OR(J11="Yes",K11>0,L11="Yes",M11="Yes"),"🔻 UNDERWORK","✓ OK"))
A12: 8 | B12: Proffitt, Clive Rodericks | C12: 229 | D12: ='Proffitt, Clive Rodericks'!I49 | E12: ='Proffitt, Clive Rodericks'!Q50 | F12: =SUMPRODUCT((('Proffitt, Clive Rodericks'!I14+'Proffitt, Clive Rodericks'!I15)>12)*1)+SUMPRODUCT((('Proffitt, Clive Rodericks'!I16+'Proffitt, Clive Rodericks'!I17)>12)*1)+SUMPRODUCT((('Proffitt, Clive Rodericks'!I18+'Proffitt, Clive Rodericks'!I19)>12)*1)+SUMPRODUCT((('Proffitt, Clive Rodericks'!I20+'Proffitt, Clive Rodericks'!I21)>12)*1)+SUMPRODUCT((('Proffitt, Clive Rodericks'!I22+'Proffitt, Clive Rodericks'!I23)>12)*1)+SUMPRODUCT((('Proffitt, Clive Rodericks'!I24+'Proffitt, Clive Rodericks'!I25)>12)*1)+SUMPRODUCT((('Proffitt, Clive Rodericks'!I26+'Proffitt, Clive Rodericks'!I27)>12)*1)+SUMPRODUCT((('Proffitt, Clive Rodericks'!I30+'Proffitt, Clive Rodericks'!I31)>12)*1)+SUMPRODUCT((('Proffitt, Clive Rodericks'!I32+'Proffitt, Clive Rodericks'!I33)>12)*1)+SUMPRODUCT((('Proffitt, Clive Rodericks'!I34+'Proffitt, Clive Rodericks'!I35)>12)*1)+SUMPRODUCT((('Proffitt, Clive Rodericks'!I36+'Proffitt, Clive Rodericks'!I37)>12)*1)+SUMPRODUCT((('Proffitt, Clive Rodericks'!I38+'Proffitt, Clive Rodericks'!I39)>12)*1)+SUMPRODUCT((('Proffitt, Clive Rodericks'!I40+'Proffitt, Clive Rodericks'!I41)>12)*1)+SUMPRODUCT((('Proffitt, Clive Rodericks'!I42+'Proffitt, Clive Rodericks'!I43)>12)*1)+SUMPRODUCT((('Proffitt, Clive Rodericks'!I45+'Proffitt, Clive Rodericks'!I46)>12)*1)+SUMPRODUCT((('Proffitt, Clive Rodericks'!I47+'Proffitt, Clive Rodericks'!I48)>12)*1) | G12: =IF(MAX(SUM('Proffitt, Clive Rodericks'!I14:I27),SUM('Proffitt, Clive Rodericks'!I30:I43))>60,"Yes","") | H12: =IF(OR(AND(('Proffitt, Clive Rodericks'!I14+'Proffitt, Clive Rodericks'!I15)>0,('Proffitt, Clive Rodericks'!I16+'Proffitt, Clive Rodericks'!I17)>0,('Proffitt, Clive Rodericks'!I18+'Proffitt, Clive Rodericks'!I19)>0,('Proffitt, Clive Rodericks'!I20+'Proffitt, Clive Rodericks'!I21)>0,('Proffitt, Clive Rodericks'!I22+'Proffitt, Clive Rodericks'!I23)>0,('Proffitt, Clive Rodericks'!I24+'Proffitt, Clive Rodericks'!I25)>0,('Proffitt, Clive Rodericks'!I26+'Proffitt, Clive Rodericks'!I27)>0),AND(('Proffitt, Clive Rodericks'!I30+'Proffitt, Clive Rodericks'!I31)>0,('Proffitt, Clive Rodericks'!I32+'Proffitt, Clive Rodericks'!I33)>0,('Proffitt, Clive Rodericks'!I34+'Proffitt, Clive Rodericks'!I35)>0,('Proffitt, Clive Rodericks'!I36+'Proffitt, Clive Rodericks'!I37)>0,('Proffitt, Clive Rodericks'!I38+'Proffitt, Clive Rodericks'!I39)>0,('Proffitt, Clive Rodericks'!I40+'Proffitt, Clive Rodericks'!I41)>0,('Proffitt, Clive Rodericks'!I42+'Proffitt, Clive Rodericks'!I43)>0)),"Yes","") | I12: =IF('Proffitt, Clive Rodericks'!N49>40,"Yes","") | J12: =IF(OR(AND(SUM('Proffitt, Clive Rodericks'!I14:I27)>0,SUM('Proffitt, Clive Rodericks'!I14:I27)<40),AND(SUM('Proffitt, Clive Rodericks'!I30:I43)>0,SUM('Proffitt, Clive Rodericks'!I30:I43)<40)),"Yes","") | K12: =SUMPRODUCT(('Proffitt, Clive Rodericks'!I14:I48>0)*('Proffitt, Clive Rodericks'!I14:I48<8)) | L12: =IF('Proffitt, Clive Rodericks'!Q50<5,"Yes","") | M12: =IF(AND('Proffitt, Clive Rodericks'!I49>0,'Proffitt, Clive Rodericks'!I49<80),"Yes","") | N12: =IF(OR(F12>0,G12="Yes",H12="Yes",I12="Yes"),"⚠️ OVERWORK",IF(OR(J12="Yes",K12>0,L12="Yes",M12="Yes"),"🔻 UNDERWORK","✓ OK"))
A13: 9 | B13: Ridley, Theresa | C13: 564 | D13: ='Ridley, Theresa'!I49 | E13: ='Ridley, Theresa'!Q50 | F13: =SUMPRODUCT((('Ridley, Theresa'!I14+'Ridley, Theresa'!I15)>12)*1)+SUMPRODUCT((('Ridley, Theresa'!I16+'Ridley, Theresa'!I17)>12)*1)+SUMPRODUCT((('Ridley, Theresa'!I18+'Ridley, Theresa'!I19)>12)*1)+SUMPRODUCT((('Ridley, Theresa'!I20+'Ridley, Theresa'!I21)>12)*1)+SUMPRODUCT((('Ridley, Theresa'!I22+'Ridley, Theresa'!I23)>12)*1)+SUMPRODUCT((('Ridley, Theresa'!I24+'Ridley, Theresa'!I25)>12)*1)+SUMPRODUCT((('Ridley, Theresa'!I26+'Ridley, Theresa'!I27)>12)*1)+SUMPRODUCT((('Ridley, Theresa'!I30+'Ridley, Theresa'!I31)>12)*1)+SUMPRODUCT((('Ridley, Theresa'!I32+'Ridley, Theresa'!I33)>12)*1)+SUMPRODUCT((('Ridley, Theresa'!I34+'Ridley, Theresa'!I35)>12)*1)+SUMPRODUCT((('Ridley, Theresa'!I36+'Ridley, Theresa'!I37)>12)*1)+SUMPRODUCT((('Ridley, Theresa'!I38+'Ridley, Theresa'!I39)>12)*1)+SUMPRODUCT((('Ridley, Theresa'!I40+'Ridley, Theresa'!I41)>12)*1)+SUMPRODUCT((('Ridley, Theresa'!I42+'Ridley, Theresa'!I43)>12)*1)+SUMPRODUCT((('Ridley, Theresa'!I45+'Ridley, Theresa'!I46)>12)*1)+SUMPRODUCT((('Ridley, Theresa'!I47+'Ridley, Theresa'!I48)>12)*1) | G13: =IF(MAX(SUM('Ridley, Theresa'!I14:I27),SUM('Ridley, Theresa'!I30:I43))>60,"Yes","") | H13: =IF(OR(AND(('Ridley, Theresa'!I14+'Ridley, Theresa'!I15)>0,('Ridley, Theresa'!I16+'Ridley, Theresa'!I17)>0,('Ridley, Theresa'!I18+'Ridley, Theresa'!I19)>0,('Ridley, Theresa'!I20+'Ridley, Theresa'!I21)>0,('Ridley, Theresa'!I22+'Ridley, Theresa'!I23)>0,('Ridley, Theresa'!I24+'Ridley, Theresa'!I25)>0,('Ridley, Theresa'!I26+'Ridley, Theresa'!I27)>0),AND(('Ridley, Theresa'!I30+'Ridley, Theresa'!I31)>0,('Ridley, Theresa'!I32+'Ridley, Theresa'!I33)>0,('Ridley, Theresa'!I34+'Ridley, Theresa'!I35)>0,('Ridley, Theresa'!I36+'Ridley, Theresa'!I37)>0,('Ridley, Theresa'!I38+'Ridley, Theresa'!I39)>0,('Ridley, Theresa'!I40+'Ridley, Theresa'!I41)>0,('Ridley, Theresa'!I42+'Ridley, Theresa'!I43)>0)),"Yes","") | I13: =IF('Ridley, Theresa'!N49>40,"Yes","") | J13: =IF(OR(AND(SUM('Ridley, Theresa'!I14:I27)>0,SUM('Ridley, Theresa'!I14:I27)<40),AND(SUM('Ridley, Theresa'!I30:I43)>0,SUM('Ridley, Theresa'!I30:I43)<40)),"Yes","") | K13: =SUMPRODUCT(('Ridley, Theresa'!I14:I48>0)*('Ridley, Theresa'!I14:I48<8)) | L13: =IF('Ridley, Theresa'!Q50<5,"Yes","") | M13: =IF(AND('Ridley, Theresa'!I49>0,'Ridley, Theresa'!I49<80),"Yes","") | N13: =IF(OR(F13>0,G13="Yes",H13="Yes",I13="Yes"),"⚠️ OVERWORK",IF(OR(J13="Yes",K13>0,L13="Yes",M13="Yes"),"🔻 UNDERWORK","✓ OK"))
A14: 10 | B14: Spencer, Shemar Ethy | C14: 5489 | D14: ='Spencer, Shemar Ethy'!I49 | E14: ='Spencer, Shemar Ethy'!Q50 | F14: =SUMPRODUCT((('Spencer, Shemar Ethy'!I14+'Spencer, Shemar Ethy'!I15)>12)*1)+SUMPRODUCT((('Spencer, Shemar Ethy'!I16+'Spencer, Shemar Ethy'!I17)>12)*1)+SUMPRODUCT((('Spencer, Shemar Ethy'!I18+'Spencer, Shemar Ethy'!I19)>12)*1)+SUMPRODUCT((('Spencer, Shemar Ethy'!I20+'Spencer, Shemar Ethy'!I21)>12)*1)+SUMPRODUCT((('Spencer, Shemar Ethy'!I22+'Spencer, Shemar Ethy'!I23)>12)*1)+SUMPRODUCT((('Spencer, Shemar Ethy'!I24+'Spencer, Shemar Ethy'!I25)>12)*1)+SUMPRODUCT((('Spencer, Shemar Ethy'!I26+'Spencer, Shemar Ethy'!I27)>12)*1)+SUMPRODUCT((('Spencer, Shemar Ethy'!I30+'Spencer, Shemar Ethy'!I31)>12)*1)+SUMPRODUCT((('Spencer, Shemar Ethy'!I32+'Spencer, Shemar Ethy'!I33)>12)*1)+SUMPRODUCT((('Spencer, Shemar Ethy'!I34+'Spencer, Shemar Ethy'!I35)>12)*1)+SUMPRODUCT((('Spencer, Shemar Ethy'!I36+'Spencer, Shemar Ethy'!I37)>12)*1)+SUMPRODUCT((('Spencer, Shemar Ethy'!I38+'Spencer, Shemar Ethy'!I39)>12)*1)+SUMPRODUCT((('Spencer, Shemar Ethy'!I40+'Spencer, Shemar Ethy'!I41)>12)*1)+SUMPRODUCT((('Spencer, Shemar Ethy'!I42+'Spencer, Shemar Ethy'!I43)>12)*1)+SUMPRODUCT((('Spencer, Shemar Ethy'!I45+'Spencer, Shemar Ethy'!I46)>12)*1)+SUMPRODUCT((('Spencer, Shemar Ethy'!I47+'Spencer, Shemar Ethy'!I48)>12)*1) | G14: =IF(MAX(SUM('Spencer, Shemar Ethy'!I14:I27),SUM('Spencer, Shemar Ethy'!I30:I43))>60,"Yes","") | H14: =IF(OR(AND(('Spencer, Shemar Ethy'!I14+'Spencer, Shemar Ethy'!I15)>0,('Spencer, Shemar Ethy'!I16+'Spencer, Shemar Ethy'!I17)>0,('Spencer, Shemar Ethy'!I18+'Spencer, Shemar Ethy'!I19)>0,('Spencer, Shemar Ethy'!I20+'Spencer, Shemar Ethy'!I21)>0,('Spencer, Shemar Ethy'!I22+'Spencer, Shemar Ethy'!I23)>0,('Spencer, Shemar Ethy'!I24+'Spencer, Shemar Ethy'!I25)>0,('Spencer, Shemar Ethy'!I26+'Spencer, Shemar Ethy'!I27)>0),AND(('Spencer, Shemar Ethy'!I30+'Spencer, Shemar Ethy'!I31)>0,('Spencer, Shemar Ethy'!I32+'Spencer, Shemar Ethy'!I33)>0,('Spencer, Shemar Ethy'!I34+'Spencer, Shemar Ethy'!I35)>0,('Spencer, Shemar Ethy'!I36+'Spencer, Shemar Ethy'!I37)>0,('Spencer, Shemar Ethy'!I38+'Spencer, Shemar Ethy'!I39)>0,('Spencer, Shemar Ethy'!I40+'Spencer, Shemar Ethy'!I41)>0,('Spencer, Shemar Ethy'!I42+'Spencer, Shemar Ethy'!I43)>0)),"Yes","") | I14: =IF('Spencer, Shemar Ethy'!N49>40,"Yes","") | J14: =IF(OR(AND(SUM('Spencer, Shemar Ethy'!I14:I27)>0,SUM('Spencer, Shemar Ethy'!I14:I27)<40),AND(SUM('Spencer, Shemar Ethy'!I30:I43)>0,SUM('Spencer, Shemar Ethy'!I30:I43)<40)),"Yes","") | K14: =SUMPRODUCT(('Spencer, Shemar Ethy'!I14:I48>0)*('Spencer, Shemar Ethy'!I14:I48<8)) | L14: =IF('Spencer, Shemar Ethy'!Q50<5,"Yes","") | M14: =IF(AND('Spencer, Shemar Ethy'!I49>0,'Spencer, Shemar Ethy'!I49<80),"Yes","") | N14: =IF(OR(F14>0,G14="Yes",H14="Yes",I14="Yes"),"⚠️ OVERWORK",IF(OR(J14="Yes",K14>0,L14="Yes",M14="Yes"),"🔻 UNDERWORK","✓ OK"))
A15: 11 | B15: Whinfield, Merlyn Beatrice | C15: 3345 | D15: ='Whinfield, Merlyn Beatrice'!I49 | E15: ='Whinfield, Merlyn Beatrice'!Q50 | F15: =SUMPRODUCT((('Whinfield, Merlyn Beatrice'!I14+'Whinfield, Merlyn Beatrice'!I15)>12)*1)+SUMPRODUCT((('Whinfield, Merlyn Beatrice'!I16+'Whinfield, Merlyn Beatrice'!I17)>12)*1)+SUMPRODUCT((('Whinfield, Merlyn Beatrice'!I18+'Whinfield, Merlyn Beatrice'!I19)>12)*1)+SUMPRODUCT((('Whinfield, Merlyn Beatrice'!I20+'Whinfield, Merlyn Beatrice'!I21)>12)*1)+SUMPRODUCT((('Whinfield, Merlyn Beatrice'!I22+'Whinfield, Merlyn Beatrice'!I23)>12)*1)+SUMPRODUCT((('Whinfield, Merlyn Beatrice'!I24+'Whinfield, Merlyn Beatrice'!I25)>12)*1)+SUMPRODUCT((('Whinfield, Merlyn Beatrice'!I26+'Whinfield, Merlyn Beatrice'!I27)>12)*1)+SUMPRODUCT((('Whinfield, Merlyn Beatrice'!I30+'Whinfield, Merlyn Beatrice'!I31)>12)*1)+SUMPRODUCT((('Whinfield, Merlyn Beatrice'!I32+'Whinfield, Merlyn Beatrice'!I33)>12)*1)+SUMPRODUCT((('Whinfield, Merlyn Beatrice'!I34+'Whinfield, Merlyn Beatrice'!I35)>12)*1)+SUMPRODUCT((('Whinfield, Merlyn Beatrice'!I36+'Whinfield, Merlyn Beatrice'!I37)>12)*1)+SUMPRODUCT((('Whinfield, Merlyn Beatrice'!I38+'Whinfield, Merlyn Beatrice'!I39)>12)*1)+SUMPRODUCT((('Whinfield, Merlyn Beatrice'!I40+'Whinfield, Merlyn Beatrice'!I41)>12)*1)+SUMPRODUCT((('Whinfield, Merlyn Beatrice'!I42+'Whinfield, Merlyn Beatrice'!I43)>12)*1)+SUMPRODUCT((('Whinfield, Merlyn Beatrice'!I45+'Whinfield, Merlyn Beatrice'!I46)>12)*1)+SUMPRODUCT((('Whinfield, Merlyn Beatrice'!I47+'Whinfield, Merlyn Beatrice'!I48)>12)*1) | G15: =IF(MAX(SUM('Whinfield, Merlyn Beatrice'!I14:I27),SUM('Whinfield, Merlyn Beatrice'!I30:I43))>60,"Yes","") | H15: =IF(OR(AND(('Whinfield, Merlyn Beatrice'!I14+'Whinfield, Merlyn Beatrice'!I15)>0,('Whinfield, Merlyn Beatrice'!I16+'Whinfield, Merlyn Beatrice'!I17)>0,('Whinfield, Merlyn Beatrice'!I18+'Whinfield, Merlyn Beatrice'!I19)>0,('Whinfield, Merlyn Beatrice'!I20+'Whinfield, Merlyn Beatrice'!I21)>0,('Whinfield, Merlyn Beatrice'!I22+'Whinfield, Merlyn Beatrice'!I23)>0,('Whinfield, Merlyn Beatrice'!I24+'Whinfield, Merlyn Beatrice'!I25)>0,('Whinfield, Merlyn Beatrice'!I26+'Whinfield, Merlyn Beatrice'!I27)>0),AND(('Whinfield, Merlyn Beatrice'!I30+'Whinfield, Merlyn Beatrice'!I31)>0,('Whinfield, Merlyn Beatrice'!I32+'Whinfield, Merlyn Beatrice'!I33)>0,('Whinfield, Merlyn Beatrice'!I34+'Whinfield, Merlyn Beatrice'!I35)>0,('Whinfield, Merlyn Beatrice'!I36+'Whinfield, Merlyn Beatrice'!I37)>0,('Whinfield, Merlyn Beatrice'!I38+'Whinfield, Merlyn Beatrice'!I39)>0,('Whinfield, Merlyn Beatrice'!I40+'Whinfield, Merlyn Beatrice'!I41)>0,('Whinfield, Merlyn Beatrice'!I42+'Whinfield, Merlyn Beatrice'!I43)>0)),"Yes","") | I15: =IF('Whinfield, Merlyn Beatrice'!N49>40,"Yes","") | J15: =IF(OR(AND(SUM('Whinfield, Merlyn Beatrice'!I14:I27)>0,SUM('Whinfield, Merlyn Beatrice'!I14:I27)<40),AND(SUM('Whinfield, Merlyn Beatrice'!I30:I43)>0,SUM('Whinfield, Merlyn Beatrice'!I30:I43)<40)),"Yes","") | K15: =SUMPRODUCT(('Whinfield, Merlyn Beatrice'!I14:I48>0)*('Whinfield, Merlyn Beatrice'!I14:I48<8)) | L15: =IF('Whinfield, Merlyn Beatrice'!Q50<5,"Yes","") | M15: =IF(AND('Whinfield, Merlyn Beatrice'!I49>0,'Whinfield, Merlyn Beatrice'!I49<80),"Yes","") | N15: =IF(OR(F15>0,G15="Yes",H15="Yes",I15="Yes"),"⚠️ OVERWORK",IF(OR(J15="Yes",K15>0,L15="Yes",M15="Yes"),"🔻 UNDERWORK","✓ OK"))
A17: SUMMARY
A18: ⚠️ Overwork Flags: | C18: =COUNTIF(N5:N16,"⚠️ OVERWORK")
A19: 🔻 Underwork Flags: | C19: =COUNTIF(N5:N16,"🔻 UNDERWORK")
A20: ✓ OK: | C20: =COUNTIF(N5:N16,"✓ OK")
A22: THRESHOLDS:
A23: Overwork: Daily >12hrs | Weekly >60hrs | 7+ consecutive days | OT >40hrs/period
A24: Underwork: Weekly <40hrs | Daily <8hrs (when worked) | <5 days/week | Period <80hrs total

Sheet upload
A1: PAYROLL_ID | B1: EMPLOYEENAME | C1: INCOME_CODE | D1: HOURS | E1: DOLLARS
A2: ='Payroll Summary'!B4 | B2: ='Payroll Summary'!A4 | C2: AL | D2: ='Payroll Summary'!J4
A3: =A2 | B3: =B2 | C3: BS | D3: ='Payroll Summary'!D4
A4: =A3 | B4: =B3 | C4: DT | D4: ='Payroll Summary'!F4
A5: =A4 | B5: =B4 | C5: R | D5: ='Payroll Summary'!G4
A6: =A5 | B6: =B5 | C6: I | D6: ='Payroll Summary'!O4
A7: =A6 | B7: =B6 | C7: MA | D7: ='Payroll Summary'!I4
A8: =A7 | B8: =B7 | C8: OT | D8: ='Payroll Summary'!E4
A9: =A8 | B9: =B8 | C9: RA | D9: ='Payroll Summary'!H4
A10: =A9 | B10: =B9 | C10: STATIONALLOWANC | D10: ='Payroll Summary'!L4
A11: =A10 | B11: =B10 | C11: GAS | D11: ='Payroll Summary'!M4
A12: =A11 | B12: =B11 | C12: PRVLED | D12: ='Payroll Summary'!N4
A13: ='Payroll Summary'!B5 | B13: ='Payroll Summary'!A5 | C13: AL | D13: ='Payroll Summary'!J5
A14: =A13 | B14: =B13 | C14: BS | D14: ='Payroll Summary'!D5
A15: =A14 | B15: =B14 | C15: DT | D15: ='Payroll Summary'!F5
A16: =A15 | B16: =B15 | C16: R | D16: ='Payroll Summary'!G5
A17: =A16 | B17: =B16 | C17: I | D17: ='Payroll Summary'!O5
A18: =A17 | B18: =B17 | C18: MA | D18: ='Payroll Summary'!I5
A19: =A18 | B19: =B18 | C19: OT | D19: ='Payroll Summary'!E5
A20: =A19 | B20: =B19 | C20: RA | D20: ='Payroll Summary'!H5
A21: =A20 | B21: =B20 | C21: STATIONALLOWANC | D21: ='Payroll Summary'!L5
A22: =A21 | B22: =B21 | C22: GAS | D22: ='Payroll Summary'!M5
A23: =A22 | B23: =B22 | C23: PRVLED | D23: ='Payroll Summary'!N5
A24: ='Payroll Summary'!B6 | B24: ='Payroll Summary'!A6 | C24: AL | D24: ='Payroll Summary'!J6
A25: =A24 | B25: =B24 | C25: BS | D25: ='Payroll Summary'!D6
A26: =A25 | B26: =B25 | C26: DT | D26: ='Payroll Summary'!F6
A27: =A26 | B27: =B26 | C27: R | D27: ='Payroll Summary'!G6
A28: =A27 | B28: =B27 | C28: I | D28: ='Payroll Summary'!O6
A29: =A28 | B29: =B28 | C29: MA | D29: ='Payroll Summary'!I6
A30: =A29 | B30: =B29 | C30: OT | D30: ='Payroll Summary'!E6
A31: =A30 | B31: =B30 | C31: RA | D31: ='Payroll Summary'!H6
A32: =A31 | B32: =B31 | C32: STATIONALLOWANC | D32: ='Payroll Summary'!L6
A33: =A32 | B33: =B32 | C33: GAS | D33: ='Payroll Summary'!M6
A34: =A33 | B34: =B33 | C34: PRVLED | D34: ='Payroll Summary'!N6
A35: ='Payroll Summary'!B7 | B35: ='Payroll Summary'!A7 | C35: AL | D35: ='Payroll Summary'!J7
A36: =A35 | B36: =B35 | C36: BS | D36: ='Payroll Summary'!D7
A37: =A36 | B37: =B36 | C37: DT | D37: ='Payroll Summary'!F7
A38: =A37 | B38: =B37 | C38: R | D38: ='Payroll Summary'!G7
A39: =A38 | B39: =B38 | C39: I | D39: ='Payroll Summary'!O7
A40: =A39 | B40: =B39 | C40: MA | D40: ='Payroll Summary'!I7
A41: =A40 | B41: =B40 | C41: OT | D41: ='Payroll Summary'!E7
A42: =A41 | B42: =B41 | C42: RA | D42: ='Payroll Summary'!H7
A43: =A42 | B43: =B42 | C43: STATIONALLOWANC | D43: ='Payroll Summary'!L7
A44: =A43 | B44: =B43 | C44: GAS | D44: ='Payroll Summary'!M7
A45: =A44 | B45: =B44 | C45: PRVLED | D45: ='Payroll Summary'!N7
A46: ='Payroll Summary'!B8 | B46: ='Payroll Summary'!A8 | C46: AL | D46: ='Payroll Summary'!J8
A47: =A46 | B47: =B46 | C47: BS | D47: ='Payroll Summary'!D8
A48: =A47 | B48: =B47 | C48: DT | D48: ='Payroll Summary'!F8
A49: =A48 | B49: =B48 | C49: R | D49: ='Payroll Summary'!G8
A50: =A49 | B50: =B49 | C50: I | D50: ='Payroll Summary'!O8
A51: =A50 | B51: =B50 | C51: MA | D51: ='Payroll Summary'!I8
A52: =A51 | B52: =B51 | C52: OT | D52: ='Payroll Summary'!E8
A53: =A52 | B53: =B52 | C53: RA | D53: ='Payroll Summary'!H8
A54: =A53 | B54: =B53 | C54: STATIONALLOWANC | D54: ='Payroll Summary'!L8
A55: =A54 | B55: =B54 | C55: GAS | D55: ='Payroll Summary'!M8
A56: =A55 | B56: =B55 | C56: PRVLED | D56: ='Payroll Summary'!N8
A57: ='Payroll Summary'!B9 | B57: ='Payroll Summary'!A9 | C57: AL | D57: ='Payroll Summary'!J9
A58: =A57 | B58: =B57 | C58: BS | D58: ='Payroll Summary'!D9
A59: =A58 | B59: =B58 | C59: DT | D59: ='Payroll Summary'!F9
A60: =A59 | B60: =B59 | C60: R | D60: ='Payroll Summary'!G9
A61: =A60 | B61: =B60 | C61: I | D61: ='Payroll Summary'!O9
A62: =A61 | B62: =B61 | C62: MA | D62: ='Payroll Summary'!I9
A63: =A62 | B63: =B62 | C63: OT | D63: ='Payroll Summary'!E9
A64: =A63 | B64: =B63 | C64: RA | D64: ='Payroll Summary'!H9
A65: =A64 | B65: =B64 | C65: STATIONALLOWANC | D65: ='Payroll Summary'!L9
A66: =A65 | B66: =B65 | C66: GAS | D66: ='Payroll Summary'!M9
A67: =A66 | B67: =B66 | C67: PRVLED | D67: ='Payroll Summary'!N9
A68: ='Payroll Summary'!B10 | B68: ='Payroll Summary'!A10 | C68: AL | D68: ='Payroll Summary'!J10
A69: =A68 | B69: =B68 | C69: BS | D69: ='Payroll Summary'!D10
A70: =A69 | B70: =B69 | C70: DT | D70: ='Payroll Summary'!F10
A71: =A70 | B71: =B70 | C71: R | D71: ='Payroll Summary'!G10
A72: =A71 | B72: =B71 | C72: I | D72: ='Payroll Summary'!O10
A73: =A72 | B73: =B72 | C73: MA | D73: ='Payroll Summary'!I10
A74: =A73 | B74: =B73 | C74: OT | D74: ='Payroll Summary'!E10
A75: =A74 | B75: =B74 | C75: RA | D75: ='Payroll Summary'!H10
A76: =A75 | B76: =B75 | C76: STATIONALLOWANC | D76: ='Payroll Summary'!L10
A77: =A76 | B77: =B76 | C77: GAS | D77: ='Payroll Summary'!M10
A78: =A77 | B78: =B77 | C78: PRVLED | D78: ='Payroll Summary'!N10
A79: ='Payroll Summary'!B11 | B79: ='Payroll Summary'!A11 | C79: AL | D79: ='Payroll Summary'!J11
A80: =A79 | B80: =B79 | C80: BS | D80: ='Payroll Summary'!D11
A81: =A80 | B81: =B80 | C81: DT | D81: ='Payroll Summary'!F11
A82: =A81 | B82: =B81 | C82: R | D82: ='Payroll Summary'!G11
A83: =A82 | B83: =B82 | C83: I | D83: ='Payroll Summary'!O11
A84: =A83 | B84: =B83 | C84: MA | D84: ='Payroll Summary'!I11
A85: =A84 | B85: =B84 | C85: OT | D85: ='Payroll Summary'!E11
A86: =A85 | B86: =B85 | C86: RA | D86: ='Payroll Summary'!H11
A87: =A86 | B87: =B86 | C87: STATIONALLOWANC | D87: ='Payroll Summary'!L11
A88: =A87 | B88: =B87 | C88: GAS | D88: ='Payroll Summary'!M11
A89: =A88 | B89: =B88 | C89: PRVLED | D89: ='Payroll Summary'!N11
A90: ='Payroll Summary'!B12 | B90: ='Payroll Summary'!A12 | C90: AL | D90: ='Payroll Summary'!J12
A91: =A90 | B91: =B90 | C91: BS | D91: ='Payroll Summary'!D12
A92: =A91 | B92: =B91 | C92: DT | D92: ='Payroll Summary'!F12
A93: =A92 | B93: =B92 | C93: R | D93: ='Payroll Summary'!G12
A94: =A93 | B94: =B93 | C94: I | D94: ='Payroll Summary'!O12
A95: =A94 | B95: =B94 | C95: MA | D95: ='Payroll Summary'!I12
A96: =A95 | B96: =B95 | C96: OT | D96: ='Payroll Summary'!E12
A97: =A96 | B97: =B96 | C97: RA | D97: ='Payroll Summary'!H12
A98: =A97 | B98: =B97 | C98: STATIONALLOWANC | D98: ='Payroll Summary'!L12
A99: =A98 | B99: =B98 | C99: GAS | D99: ='Payroll Summary'!M12
A100: =A99 | B100: =B99 | C100: PRVLED | D100: ='Payroll Summary'!N12
...

Sheet Payroll Summary
A1: Master Payroll Summary
A3: Name | B3: Number | C3: Agency | D3: Basic Hrs | E3: Overtime Hrs | F3: Hol Hrs | G3: Responsibilities | H3: Risk | I3: Meals | J3: Annual Leave Hrs | K3: Days Worked | L3: Station Allow | M3: Gas Allow | N3: Project Mgmt Allow | O3: Incentive
A4: ='Daniels, John Llewellyn'!M5 | B4: ='Daniels, John Llewellyn'!M4 | C4: ='Daniels, John Llewellyn'!O7 | D4: ='Daniels, John Llewellyn'!M49 | E4: ='Daniels, John Llewellyn'!N49 | F4: ='Daniels, John Llewellyn'!O49 | G4: ='Daniels, John Llewellyn'!P49 | H4: ='Daniels, John Llewellyn'!Q49 | I4: ='Daniels, John Llewellyn'!R49 | J4: ='Daniels, John Llewellyn'!S49 | K4: ='Daniels, John Llewellyn'!Q50 | L4: 0 | M4: 0 | N4: 0 | O4: 0
A5: ='Ridley, Theresa'!M5 | B5: ='Ridley, Theresa'!M4 | C5: ='Ridley, Theresa'!O7 | D5: ='Ridley, Theresa'!M49 | E5: ='Ridley, Theresa'!N49 | F5: ='Ridley, Theresa'!O49 | G5: ='Ridley, Theresa'!P49 | H5: ='Ridley, Theresa'!Q49 | I5: ='Ridley, Theresa'!R49 | J5: ='Ridley, Theresa'!S49 | K5: ='Ridley, Theresa'!Q50 | L5: 0 | M5: 0 | N5: 0 | O5: 0
A6: ='Browne, Francianna Milissa'!M5 | B6: ='Browne, Francianna Milissa'!M4 | C6: ='Browne, Francianna Milissa'!O7 | D6: ='Browne, Francianna Milissa'!M49 | E6: ='Browne, Francianna Milissa'!N49 | F6: ='Browne, Francianna Milissa'!O49 | G6: ='Browne, Francianna Milissa'!P49 | H6: ='Browne, Francianna Milissa'!Q49 | I6: ='Browne, Francianna Milissa'!R49 | J6: ='Browne, Francianna Milissa'!S49 | K6: ='Browne, Francianna Milissa'!Q50 | L6: 0 | M6: 0 | N6: 0 | O6: 0
A7: ='Henry, Colin Vincent'!M5 | B7: ='Henry, Colin Vincent'!M4 | C7: ='Henry, Colin Vincent'!O7 | D7: ='Henry, Colin Vincent'!M49 | E7: ='Henry, Colin Vincent'!N49 | F7: ='Henry, Colin Vincent'!O49 | G7: ='Henry, Colin Vincent'!P49 | H7: ='Henry, Colin Vincent'!Q49 | I7: ='Henry, Colin Vincent'!R49 | J7: ='Henry, Colin Vincent'!S49 | K7: ='Henry, Colin Vincent'!Q50 | L7: 0 | M7: 0 | N7: 0 | O7: 0
A8: ='Dorsett, Susan Patricia'!M5 | B8: ='Dorsett, Susan Patricia'!M4 | C8: ='Dorsett, Susan Patricia'!O7 | D8: ='Dorsett, Susan Patricia'!M49 | E8: ='Dorsett, Susan Patricia'!N49 | F8: ='Dorsett, Susan Patricia'!O49 | G8: ='Dorsett, Susan Patricia'!P49 | H8: ='Dorsett, Susan Patricia'!Q49 | I8: ='Dorsett, Susan Patricia'!R49 | J8: ='Dorsett, Susan Patricia'!S49 | K8: ='Dorsett, Susan Patricia'!Q50 | L8: 0 | M8: 0 | N8: 0 | O8: 0
A9: ='Pearson, Roslyn Andrea'!M5 | B9: ='Pearson, Roslyn Andrea'!M4 | C9: ='Pearson, Roslyn Andrea'!O7 | D9: ='Pearson, Roslyn Andrea'!M49 | E9: ='Pearson, Roslyn Andrea'!N49 | F9: ='Pearson, Roslyn Andrea'!O49 | G9: ='Pearson, Roslyn Andrea'!P49 | H9: ='Pearson, Roslyn Andrea'!Q49 | I9: ='Pearson, Roslyn Andrea'!R49 | J9: ='Pearson, Roslyn Andrea'!S49 | K9: ='Pearson, Roslyn Andrea'!Q50 | L9: 0 | M9: 0 | N9: 0 | O9: 0
A10: ='Barnes, Mauva'!M5 | B10: ='Barnes, Mauva'!M4 | C10: ='Barnes, Mauva'!O7 | D10: ='Barnes, Mauva'!M49 | E10: ='Barnes, Mauva'!N49 | F10: ='Barnes, Mauva'!O49 | G10: ='Barnes, Mauva'!P49 | H10: ='Barnes, Mauva'!Q49 | I10: ='Barnes, Mauva'!R49 | J10: ='Barnes, Mauva'!S49 | K10: ='Barnes, Mauva'!Q50 | L10: 0 | M10: 0 | N10: 0 | O10: 0
A11: ='Proffitt, Clive Rodericks'!M5 | B11: ='Proffitt, Clive Rodericks'!M4 | C11: ='Proffitt, Clive Rodericks'!O7 | D11: ='Proffitt, Clive Rodericks'!M49 | E11: ='Proffitt, Clive Rodericks'!N49 | F11: ='Proffitt, Clive Rodericks'!O49 | G11: ='Proffitt, Clive Rodericks'!P49 | H11: ='Proffitt, Clive Rodericks'!Q49 | I11: ='Proffitt, Clive Rodericks'!R49 | J11: ='Proffitt, Clive Rodericks'!S49 | K11: ='Proffitt, Clive Rodericks'!Q50 | L11: 0 | M11: 0 | N11: 0 | O11: 0
A12: ='Spencer, Shemar Ethy'!M5 | B12: ='Spencer, Shemar Ethy'!M4 | C12: ='Spencer, Shemar Ethy'!O7 | D12: ='Spencer, Shemar Ethy'!M49 | E12: ='Spencer, Shemar Ethy'!N49 | F12: ='Spencer, Shemar Ethy'!O49 | G12: ='Spencer, Shemar Ethy'!P49 | H12: ='Spencer, Shemar Ethy'!Q49 | I12: ='Spencer, Shemar Ethy'!R49 | J12: ='Spencer, Shemar Ethy'!S49 | K12: ='Spencer, Shemar Ethy'!Q50 | L12: 0 | M12: 0 | N12: 0 | O12: 0
A13: ='Whinfield, Merlyn Beatrice'!M5 | B13: ='Whinfield, Merlyn Beatrice'!M4 | C13: ='Whinfield, Merlyn Beatrice'!O7 | D13: ='Whinfield, Merlyn Beatrice'!M49 | E13: ='Whinfield, Merlyn Beatrice'!N49 | F13: ='Whinfield, Merlyn Beatrice'!O49 | G13: ='Whinfield, Merlyn Beatrice'!P49 | H13: ='Whinfield, Merlyn Beatrice'!Q49 | I13: ='Whinfield, Merlyn Beatrice'!R49 | J13: ='Whinfield, Merlyn Beatrice'!S49 | K13: ='Whinfield, Merlyn Beatrice'!Q50 | L13: 0 | M13: 0 | N13: 0 | O13: 0
A14: ='David, Jewelle Phillipa'!M5 | B14: ='David, Jewelle Phillipa'!M4 | C14: ='David, Jewelle Phillipa'!O7 | D14: ='David, Jewelle Phillipa'!M49 | E14: ='David, Jewelle Phillipa'!N49 | F14: ='David, Jewelle Phillipa'!O49 | G14: ='David, Jewelle Phillipa'!P49 | H14: ='David, Jewelle Phillipa'!Q49 | I14: ='David, Jewelle Phillipa'!R49 | J14: ='David, Jewelle Phillipa'!S49 | K14: ='David, Jewelle Phillipa'!Q50 | L14: 0 | M14: 0 | N14: 0 | O14: 0
A16: TOTAL | D16: =SUM(D4:D14) | E16: =SUM(E4:E14) | F16: =SUM(F4:F14) | G16: =SUM(G4:G14) | H16: =SUM(H4:H14) | I16: =SUM(I4:I14) | J16: =SUM(J4:J14) | K16: =SUM(K4:K14) | L16: =SUM(L4:L15)

Sheet TEMPLATE
V2: 2025 | Z2: Month: | AA2: 3
V3: =DATE(V2,AA2,1)
C4: Federal Manangement Systems | K4: Employee Number: | V4: Su | W4: M | X4: Tu | Y4: W | Z4: Th | AA4: F | AB4: Sa | AD4: Overtime Options
K5: Employee Name: | M5: Claudette Yearwood | V5: =IF(MONTH($V$3)<>MONTH($V$3-WEEKDAY($V$3,1)+(ROW(V5)-ROW($V$5))*7+(COLUMN(V5)-COLUMN($V$5)+1)),"",$V$3-WEEKDAY($V$3,1)+(ROW(V5)-ROW($V$5))*7+(COLUMN(V5)-COLUMN($V$5)+1)) | W5: =IF(MONTH($V$3)<>MONTH($V$3-WEEKDAY($V$3,1)+(ROW(W5)-ROW($V$5))*7+(COLUMN(W5)-COLUMN($V$5)+1)),"",$V$3-WEEKDAY($V$3,1)+(ROW(W5)-ROW($V$5))*7+(COLUMN(W5)-COLUMN($V$5)+1)) | X5: =IF(MONTH($V$3)<>MONTH($V$3-WEEKDAY($V$3,1)+(ROW(X5)-ROW($V$5))*7+(COLUMN(X5)-COLUMN($V$5)+1)),"",$V$3-WEEKDAY($V$3,1)+(ROW(X5)-ROW($V$5))*7+(COLUMN(X5)-COLUMN($V$5)+1)) | Y5: =IF(MONTH($V$3)<>MONTH($V$3-WEEKDAY($V$3,1)+(ROW(Y5)-ROW($V$5))*7+(COLUMN(Y5)-COLUMN($V$5)+1)),"",$V$3-WEEKDAY($V$3,1)+(ROW(Y5)-ROW($V$5))*7+(COLUMN(Y5)-COLUMN($V$5)+1)) | Z5: =IF(MONTH($V$3)<>MONTH($V$3-WEEKDAY($V$3,1)+(ROW(Z5)-ROW($V$5))*7+(COLUMN(Z5)-COLUMN($V$5)+1)),"",$V$3-WEEKDAY($V$3,1)+(ROW(Z5)-ROW($V$5))*7+(COLUMN(Z5)-COLUMN($V$5)+1)) | AA5: =IF(MONTH($V$3)<>MONTH($V$3-WEEKDAY($V$3,1)+(ROW(AA5)-ROW($V$5))*7+(COLUMN(AA5)-COLUMN($V$5)+1)),"",$V$3-WEEKDAY($V$3,1)+(ROW(AA5)-ROW($V$5))*7+(COLUMN(AA5)-COLUMN($V$5)+1)) | AB5: =IF(MONTH($V$3)<>MONTH($V$3-WEEKDAY($V$3,1)+(ROW(AB5)-ROW($V$5))*7+(COLUMN(AB5)-COLUMN($V$5)+1)),"",$V$3-WEEKDAY($V$3,1)+(ROW(AB5)-ROW($V$5))*7+(COLUMN(AB5)-COLUMN($V$5)+1)) | AE5: TRUE
C6: 120 Peter Rose St | M6: Armed or unarmed | O6: Unarmed | V6: =IF(MONTH($V$3)<>MONTH($V$3-WEEKDAY($V$3,1)+(ROW(V6)-ROW($V$5))*7+(COLUMN(V6)-COLUMN($V$5)+1)),"",$V$3-WEEKDAY($V$3,1)+(ROW(V6)-ROW($V$5))*7+(COLUMN(V6)-COLUMN($V$5)+1)) | W6: =IF(MONTH($V$3)<>MONTH($V$3-WEEKDAY($V$3,1)+(ROW(W6)-ROW($V$5))*7+(COLUMN(W6)-COLUMN($V$5)+1)),"",$V$3-WEEKDAY($V$3,1)+(ROW(W6)-ROW($V$5))*7+(COLUMN(W6)-COLUMN($V$5)+1)) | X6: =IF(MONTH($V$3)<>MONTH($V$3-WEEKDAY($V$3,1)+(ROW(X6)-ROW($V$5))*7+(COLUMN(X6)-COLUMN($V$5)+1)),"",$V$3-WEEKDAY($V$3,1)+(ROW(X6)-ROW($V$5))*7+(COLUMN(X6)-COLUMN($V$5)+1)) | Y6: =IF(MONTH($V$3)<>MONTH($V$3-WEEKDAY($V$3,1)+(ROW(Y6)-ROW($V$5))*7+(COLUMN(Y6)-COLUMN($V$5)+1)),"",$V$3-WEEKDAY($V$3,1)+(ROW(Y6)-ROW($V$5))*7+(COLUMN(Y6)-COLUMN($V$5)+1)) | Z6: =IF(MONTH($V$3)<>MONTH($V$3-WEEKDAY($V$3,1)+(ROW(Z6)-ROW($V$5))*7+(COLUMN(Z6)-COLUMN($V$5)+1)),"",$V$3-WEEKDAY($V$3,1)+(ROW(Z6)-ROW($V$5))*7+(COLUMN(Z6)-COLUMN($V$5)+1)) | AA6: =IF(MONTH($V$3)<>MONTH($V$3-WEEKDAY($V$3,1)+(ROW(AA6)-ROW($V$5))*7+(COLUMN(AA6)-COLUMN($V$5)+1)),"",$V$3-WEEKDAY($V$3,1)+(ROW(AA6)-ROW($V$5))*7+(COLUMN(AA6)-COLUMN($V$5)+1)) | AB6: =IF(MONTH($V$3)<>MONTH($V$3-WEEKDAY($V$3,1)+(ROW(AB6)-ROW($V$5))*7+(COLUMN(AB6)-COLUMN($V$5)+1)),"",$V$3-WEEKDAY($V$3,1)+(ROW(AB6)-ROW($V$5))*7+(COLUMN(AB6)-COLUMN($V$5)+1)) | AD6: After: | AE6: 8 | AF6: Hrs
C7: Queenstown | M7: Agency | O7: Caricom | V7: =IF(MONTH($V$3)<>MONTH($V$3-WEEKDAY($V$3,1)+(ROW(V7)-ROW($V$5))*7+(COLUMN(V7)-COLUMN($V$5)+1)),"",$V$3-WEEKDAY($V$3,1)+(ROW(V7)-ROW($V$5))*7+(COLUMN(V7)-COLUMN($V$5)+1)) | W7: =IF(MONTH($V$3)<>MONTH($V$3-WEEKDAY($V$3,1)+(ROW(W7)-ROW($V$5))*7+(COLUMN(W7)-COLUMN($V$5)+1)),"",$V$3-WEEKDAY($V$3,1)+(ROW(W7)-ROW($V$5))*7+(COLUMN(W7)-COLUMN($V$5)+1)) | X7: =IF(MONTH($V$3)<>MONTH($V$3-WEEKDAY($V$3,1)+(ROW(X7)-ROW($V$5))*7+(COLUMN(X7)-COLUMN($V$5)+1)),"",$V$3-WEEKDAY($V$3,1)+(ROW(X7)-ROW($V$5))*7+(COLUMN(X7)-COLUMN($V$5)+1)) | Y7: =IF(MONTH($V$3)<>MONTH($V$3-WEEKDAY($V$3,1)+(ROW(Y7)-ROW($V$5))*7+(COLUMN(Y7)-COLUMN($V$5)+1)),"",$V$3-WEEKDAY($V$3,1)+(ROW(Y7)-ROW($V$5))*7+(COLUMN(Y7)-COLUMN($V$5)+1)) | Z7: =IF(MONTH($V$3)<>MONTH($V$3-WEEKDAY($V$3,1)+(ROW(Z7)-ROW($V$5))*7+(COLUMN(Z7)-COLUMN($V$5)+1)),"",$V$3-WEEKDAY($V$3,1)+(ROW(Z7)-ROW($V$5))*7+(COLUMN(Z7)-COLUMN($V$5)+1)) | AA7: =IF(MONTH($V$3)<>MONTH($V$3-WEEKDAY($V$3,1)+(ROW(AA7)-ROW($V$5))*7+(COLUMN(AA7)-COLUMN($V$5)+1)),"",$V$3-WEEKDAY($V$3,1)+(ROW(AA7)-ROW($V$5))*7+(COLUMN(AA7)-COLUMN($V$5)+1)) | AB7: =IF(MONTH($V$3)<>MONTH($V$3-WEEKDAY($V$3,1)+(ROW(AB7)-ROW($V$5))*7+(COLUMN(AB7)-COLUMN($V$5)+1)),"",$V$3-WEEKDAY($V$3,1)+(ROW(AB7)-ROW($V$5))*7+(COLUMN(AB7)-COLUMN($V$5)+1))
C8: Georgetown, Guyana | V8: =IF(MONTH($V$3)<>MONTH($V$3-WEEKDAY($V$3,1)+(ROW(V8)-ROW($V$5))*7+(COLUMN(V8)-COLUMN($V$5)+1)),"",$V$3-WEEKDAY($V$3,1)+(ROW(V8)-ROW($V$5))*7+(COLUMN(V8)-COLUMN($V$5)+1)) | W8: =IF(MONTH($V$3)<>MONTH($V$3-WEEKDAY($V$3,1)+(ROW(W8)-ROW($V$5))*7+(COLUMN(W8)-COLUMN($V$5)+1)),"",$V$3-WEEKDAY($V$3,1)+(ROW(W8)-ROW($V$5))*7+(COLUMN(W8)-COLUMN($V$5)+1)) | X8: =IF(MONTH($V$3)<>MONTH($V$3-WEEKDAY($V$3,1)+(ROW(X8)-ROW($V$5))*7+(COLUMN(X8)-COLUMN($V$5)+1)),"",$V$3-WEEKDAY($V$3,1)+(ROW(X8)-ROW($V$5))*7+(COLUMN(X8)-COLUMN($V$5)+1)) | Y8: =IF(MONTH($V$3)<>MONTH($V$3-WEEKDAY($V$3,1)+(ROW(Y8)-ROW($V$5))*7+(COLUMN(Y8)-COLUMN($V$5)+1)),"",$V$3-WEEKDAY($V$3,1)+(ROW(Y8)-ROW($V$5))*7+(COLUMN(Y8)-COLUMN($V$5)+1)) | Z8: =IF(MONTH($V$3)<>MONTH($V$3-WEEKDAY($V$3,1)+(ROW(Z8)-ROW($V$5))*7+(COLUMN(Z8)-COLUMN($V$5)+1)),"",$V$3-WEEKDAY($V$3,1)+(ROW(Z8)-ROW($V$5))*7+(COLUMN(Z8)-COLUMN($V$5)+1)) | AA8: =IF(MONTH($V$3)<>MONTH($V$3-WEEKDAY($V$3,1)+(ROW(AA8)-ROW($V$5))*7+(COLUMN(AA8)-COLUMN($V$5)+1)),"",$V$3-WEEKDAY($V$3,1)+(ROW(AA8)-ROW($V$5))*7+(COLUMN(AA8)-COLUMN($V$5)+1)) | AB8: =IF(MONTH($V$3)<>MONTH($V$3-WEEKDAY($V$3,1)+(ROW(AB8)-ROW($V$5))*7+(COLUMN(AB8)-COLUMN($V$5)+1)),"",$V$3-WEEKDAY($V$3,1)+(ROW(AB8)-ROW($V$5))*7+(COLUMN(AB8)-COLUMN($V$5)+1)) | AE8: TRUE
C10: 592-223-7560 | K10: Week Starting: | M10: 45977 | T10: [42] | V10: =IF(MONTH($V$3)<>MONTH($V$3-WEEKDAY($V$3,1)+(ROW(V10)-ROW($V$5))*7+(COLUMN(V10)-COLUMN($V$5)+1)),"",$V$3-WEEKDAY($V$3,1)+(ROW(V10)-ROW($V$5))*7+(COLUMN(V10)-COLUMN($V$5)+1)) | W10: =IF(MONTH($V$3)<>MONTH($V$3-WEEKDAY($V$3,1)+(ROW(W10)-ROW($V$5))*7+(COLUMN(W10)-COLUMN($V$5)+1)),"",$V$3-WEEKDAY($V$3,1)+(ROW(W10)-ROW($V$5))*7+(COLUMN(W10)-COLUMN($V$5)+1)) | X10: =IF(MONTH($V$3)<>MONTH($V$3-WEEKDAY($V$3,1)+(ROW(X10)-ROW($V$5))*7+(COLUMN(X10)-COLUMN($V$5)+1)),"",$V$3-WEEKDAY($V$3,1)+(ROW(X10)-ROW($V$5))*7+(COLUMN(X10)-COLUMN($V$5)+1)) | Y10: =IF(MONTH($V$3)<>MONTH($V$3-WEEKDAY($V$3,1)+(ROW(Y10)-ROW($V$5))*7+(COLUMN(Y10)-COLUMN($V$5)+1)),"",$V$3-WEEKDAY($V$3,1)+(ROW(Y10)-ROW($V$5))*7+(COLUMN(Y10)-COLUMN($V$5)+1)) | Z10: =IF(MONTH($V$3)<>MONTH($V$3-WEEKDAY($V$3,1)+(ROW(Z10)-ROW($V$5))*7+(COLUMN(Z10)-COLUMN($V$5)+1)),"",$V$3-WEEKDAY($V$3,1)+(ROW(Z10)-ROW($V$5))*7+(COLUMN(Z10)-COLUMN($V$5)+1)) | AA10: =IF(MONTH($V$3)<>MONTH($V$3-WEEKDAY($V$3,1)+(ROW(AA10)-ROW($V$5))*7+(COLUMN(AA10)-COLUMN($V$5)+1)),"",$V$3-WEEKDAY($V$3,1)+(ROW(AA10)-ROW($V$5))*7+(COLUMN(AA10)-COLUMN($V$5)+1)) | AB10: =IF(MONTH($V$3)<>MONTH($V$3-WEEKDAY($V$3,1)+(ROW(AB10)-ROW($V$5))*7+(COLUMN(AB10)-COLUMN($V$5)+1)),"",$V$3-WEEKDAY($V$3,1)+(ROW(AB10)-ROW($V$5))*7+(COLUMN(AB10)-COLUMN($V$5)+1)) | AD10: After: | AE10: 40 | AF10: Hrs
V11: =IF(MONTH($V$3)<>MONTH($V$3-WEEKDAY($V$3,1)+(ROW(V11)-ROW($V$5))*7+(COLUMN(V11)-COLUMN($V$5)+1)),"",$V$3-WEEKDAY($V$3,1)+(ROW(V11)-ROW($V$5))*7+(COLUMN(V11)-COLUMN($V$5)+1)) | W11: =IF(MONTH($V$3)<>MONTH($V$3-WEEKDAY($V$3,1)+(ROW(W11)-ROW($V$5))*7+(COLUMN(W11)-COLUMN($V$5)+1)),"",$V$3-WEEKDAY($V$3,1)+(ROW(W11)-ROW($V$5))*7+(COLUMN(W11)-COLUMN($V$5)+1)) | X11: =IF(MONTH($V$3)<>MONTH($V$3-WEEKDAY($V$3,1)+(ROW(X11)-ROW($V$5))*7+(COLUMN(X11)-COLUMN($V$5)+1)),"",$V$3-WEEKDAY($V$3,1)+(ROW(X11)-ROW($V$5))*7+(COLUMN(X11)-COLUMN($V$5)+1)) | Y11: =IF(MONTH($V$3)<>MONTH($V$3-WEEKDAY($V$3,1)+(ROW(Y11)-ROW($V$5))*7+(COLUMN(Y11)-COLUMN($V$5)+1)),"",$V$3-WEEKDAY($V$3,1)+(ROW(Y11)-ROW($V$5))*7+(COLUMN(Y11)-COLUMN($V$5)+1)) | Z11: =IF(MONTH($V$3)<>MONTH($V$3-WEEKDAY($V$3,1)+(ROW(Z11)-ROW($V$5))*7+(COLUMN(Z11)-COLUMN($V$5)+1)),"",$V$3-WEEKDAY($V$3,1)+(ROW(Z11)-ROW($V$5))*7+(COLUMN(Z11)-COLUMN($V$5)+1)) | AA11: =IF(MONTH($V$3)<>MONTH($V$3-WEEKDAY($V$3,1)+(ROW(AA11)-ROW($V$5))*7+(COLUMN(AA11)-COLUMN($V$5)+1)),"",$V$3-WEEKDAY($V$3,1)+(ROW(AA11)-ROW($V$5))*7+(COLUMN(AA11)-COLUMN($V$5)+1)) | AB11: =IF(MONTH($V$3)<>MONTH($V$3-WEEKDAY($V$3,1)+(ROW(AB11)-ROW($V$5))*7+(COLUMN(AB11)-COLUMN($V$5)+1)),"",$V$3-WEEKDAY($V$3,1)+(ROW(AB11)-ROW($V$5))*7+(COLUMN(AB11)-COLUMN($V$5)+1))
A12: Day Off | B12: Holiday Double | C12: Day of Week | D12: Time In | E12: Time Out | G12: Time In | H12: Time Out | I12: Total Hrs | J12: Location | K12: Supervisor | L12: Supervisor Approval | M12: Regular Hrs | N12: Overtime Hrs | O12: Hol Hrs | P12: Responsibilities | Q12: Risk | R12: Meals | S12: Vac Hrs | T12: Reason for Overtime
A14: On Day | C14: =M10 | E14: =IF(D14="", "", IF(D14=TIME(0,0,0), 0, IF(AND(D14>=TIME(0,0,1), D14<=TIME(2,0,0)), TIME(7,0,0), IF(AND(D14>=TIME(5,0,0), D14<=TIME(8,0,0)), TIME(12,0,0), IF(AND(D14>TIME(8,0,0), D14<=TIME(13,59,0)), TIME(15,0,0), IF(AND(D14>=TIME(14,0,0), D14<=TIME(17,59,0)), TIME(21,0,0), IF(AND(D14>=TIME(18,0,0), D14<=TIME(21,59,0)), TIME(0,0,0), IF(AND(D14>=TIME(22,0,0), D14<=TIME(23,59,59)), TIME(7,0,0), "")))))))) | G14: =E14 | I14: =ROUND(IF(OR(D14="",E14="",E14=0),0,IF(H14="",MOD(E14-D14,1)*24,MOD(H14-D14,1)*24)),2) | M14: =IF(OR($A14="Holiday",$A15="Holiday"),IF(OR($C14="",$D14=""),0, IF(OR($A14="Holiday",$A15="Holiday"),0, IF(AND(NOT(OR($A14="Annual Leave",$A15="Annual Leave")),$A14="Off day"),0, IF($I14+$I15>=8,IF($I14>=8,8,$I14),$I14) )))+IF(MOD(ROW(),2)=0,8,0),IF(OR($C14="",$D14=""),0, IF(OR($A14="Holiday",$A15="Holiday"),0, IF(AND(NOT(OR($A14="Annual Leave",$A15="Annual Leave")),$A14="Off day"),0, IF($I14+$I15>=8,IF($I14>=8,8,$I14),$I14) )))) | N14: =IF(OR($C14="",$D14=""),0, IF(OR($A14="Holiday",$A15="Holiday"), IF(ISNUMBER(MATCH(TRIM($B14),{"Phagwah","Good Friday","Easter Monday","Labour Day","Christmas","Eid ul Azha","Romans-2","Globe-12","Neptune P1"},0)),0,$I14), IF(AND(NOT(OR($A14="Annual Leave",$A15="Annual Leave")),$A14="Off day"),$I14, MAX(0,$I14-$M14) ))) | O14: =IF(AND(OR($A14="Holiday",$A15="Holiday"), ISNUMBER(MATCH(TRIM($B14),{"Phagwah","Good Friday","Easter Monday","Labour Day","Christmas","Eid ul Azha","Romans-2","Globe-12","Neptune P1"},0))), $I14,0) | R14: =IF(OR($O$7="Canteen",$O$7="Head Office"),0,IF(OR($I14>0,$I15>0), IF( OR( AND($D14>=TIME(5,0,0),$D14<=TIME(7,0,0)), AND($D14>=TIME(14,0,0),$D14<=TIME(15,0,0)), AND($D14>=TIME(18,0,0),$D14<=TIME(19,0,0)), AND($D15>=TIME(5,0,0),$D15<=TIME(7,0,0)), AND($D15>=TIME(14,0,0),$D15<=TIME(15,0,0)), AND($D15>=TIME(18,0,0),$D15<=TIME(19,0,0)) ), IF($I14>0,1,0), 0 ), 0)) | S14: =IF(OR($A14="Annual Leave",$A15="Annual Leave"),IF($A14="Annual Leave",8,0),0)
A15: On Day | C15: =C14 | E15: =IF(D15=0, 0, IF(AND(D15>=TIME(0,0,1), D15<=TIME(2,0,0)), TIME(7,0,0), IF(AND(D15>=TIME(5,0,0), D15<=TIME(8,0,0)), TIME(12,0,0), IF(AND(D15>TIME(8,0,0), D15<=TIME(13,59,0)), TIME(15,0,0), IF(AND(D15>=TIME(14,0,0), D15<=TIME(17,59,0)), TIME(21,0,0), IF(AND(D15>=TIME(18,0,0), D15<=TIME(21,59,0)), TIME(0,0,0), IF(AND(D15>=TIME(22,0,0), D15<=TIME(23,59,59)), TIME(7,0,0), ""))))))) | G15: =E15 | I15: =ROUND(IF(OR(D15="",E15="",E15=0),0,IF(H15="",MOD(E15-D15,1)*24,MOD(H15-D15,1)*24)),2) | M15: =IF(OR($A15="Holiday",$A14="Holiday"),IF(OR($C15="",$D15=""),0, IF(OR($A14="Holiday",$A15="Holiday"),0, IF(AND(NOT(OR($A14="Annual Leave",$A15="Annual Leave")),$A15="Off day"),0, IF($I14+$I15>=8,IF($I14>=8,0,8-$I14),$I15) )))+IF(MOD(ROW(),2)=0,8,0),IF(OR($C15="",$D15=""),0, IF(OR($A14="Holiday",$A15="Holiday"),0, IF(AND(NOT(OR($A14="Annual Leave",$A15="Annual Leave")),$A15="Off day"),0, IF($I14+$I15>=8,IF($I14>=8,0,8-$I14),$I15) )))) | N15: =IF(OR($C15="",$D15=""),0, IF(OR($A14="Holiday",$A15="Holiday"), IF(ISNUMBER(MATCH(TRIM($B15),{"Phagwah","Good Friday","Easter Monday","Labour Day","Christmas","Eid ul Azha","Romans-2","Globe-12","Neptune P1"},0)),0,$I15), IF(AND(NOT(OR($A14="Annual Leave",$A15="Annual Leave")),$A15="Off day"),$I15, MAX(0,$I15-$M15) ))) | O15: =IF(AND(OR($A14="Holiday",$A15="Holiday"), ISNUMBER(MATCH(TRIM($B15),{"Phagwah","Good Friday","Easter Monday","Labour Day","Christmas","Eid ul Azha","Romans-2","Globe-12","Neptune P1"},0))), $I15,0) | R15: =IF(OR($O$7="Canteen",$O$7="Head Office"),0,IF(OR($I14>0,$I15>0), IF( OR( AND($D14>=TIME(5,0,0),$D14<=TIME(7,0,0)), AND($D14>=TIME(14,0,0),$D14<=TIME(15,0,0)), AND($D14>=TIME(18,0,0),$D14<=TIME(19,0,0)), AND($D15>=TIME(5,0,0),$D15<=TIME(7,0,0)), AND($D15>=TIME(14,0,0),$D15<=TIME(15,0,0)), AND($D15>=TIME(18,0,0),$D15<=TIME(19,0,0)) ), IF(AND($I14=0,$I15>0),1,0), 0 ), 0)) | S15: =IF(OR($A14="Annual Leave",$A15="Annual Leave"),IF(AND($A14<>"Annual Leave",$A15="Annual Leave"),8,0),0)
A16: On Day | C16: =C14+1 | E16: =IF(D16=0, 0, IF(AND(D16>=TIME(0,0,1), D16<=TIME(2,0,0)), TIME(7,0,0), IF(AND(D16>=TIME(5,0,0), D16<=TIME(8,0,0)), TIME(12,0,0), IF(AND(D16>TIME(8,0,0), D16<=TIME(13,59,0)), TIME(15,0,0), IF(AND(D16>=TIME(14,0,0), D16<=TIME(17,59,0)), TIME(21,0,0), IF(AND(D16>=TIME(18,0,0), D16<=TIME(21,59,0)), TIME(0,0,0), IF(AND(D16>=TIME(22,0,0), D16<=TIME(23,59,59)), TIME(7,0,0), ""))))))) | G16: =E16 | I16: =ROUND(IF(OR(D16="",E16="",E16=0),0,IF(H16="",MOD(E16-D16,1)*24,MOD(H16-D16,1)*24)),2) | M16: =IF(OR($A16="Holiday",$A17="Holiday"),IF(OR($C16="",$D16=""),0, IF(OR($A16="Holiday",$A17="Holiday"),0, IF(AND(NOT(OR($A16="Annual Leave",$A17="Annual Leave")),$A16="Off day"),0, IF($I16+$I17>=8,IF($I16>=8,8,$I16),$I16) )))+IF(MOD(ROW(),2)=0,8,0),IF(OR($C16="",$D16=""),0, IF(OR($A16="Holiday",$A17="Holiday"),0, IF(AND(NOT(OR($A16="Annual Leave",$A17="Annual Leave")),$A16="Off day"),0, IF($I16+$I17>=8,IF($I16>=8,8,$I16),$I16) )))) | N16: =IF(OR($C16="",$D16=""),0, IF(OR($A16="Holiday",$A17="Holiday"), IF(ISNUMBER(MATCH(TRIM($B16),{"Phagwah","Good Friday","Easter Monday","Labour Day","Christmas","Eid ul Azha","Romans-2","Globe-12","Neptune P1"},0)),0,$I16), IF(AND(NOT(OR($A16="Annual Leave",$A17="Annual Leave")),$A16="Off day"),$I16, MAX(0,$I16-$M16) ))) | O16: =IF(AND(OR($A16="Holiday",$A17="Holiday"), ISNUMBER(MATCH(TRIM($B16),{"Phagwah","Good Friday","Easter Monday","Labour Day","Christmas","Eid ul Azha","Romans-2","Globe-12","Neptune P1"},0))), $I16,0) | R16: =IF(OR($O$7="Canteen",$O$7="Head Office"),0,IF(OR($I16>0,$I17>0), IF( OR( AND($D16>=TIME(5,0,0),$D16<=TIME(7,0,0)), AND($D16>=TIME(14,0,0),$D16<=TIME(15,0,0)), AND($D16>=TIME(18,0,0),$D16<=TIME(19,0,0)), AND($D17>=TIME(5,0,0),$D17<=TIME(7,0,0)), AND($D17>=TIME(14,0,0),$D17<=TIME(15,0,0)), AND($D17>=TIME(18,0,0),$D17<=TIME(19,0,0)) ), IF($I16>0,1,0), 0 ), 0)) | S16: =IF(OR($A16="Annual Leave",$A17="Annual Leave"),IF($A16="Annual Leave",8,0),0)
A17: On Day | C17: =C16 | E17: =IF(D17=0, 0, IF(AND(D17>=TIME(0,0,1), D17<=TIME(2,0,0)), TIME(7,0,0), IF(AND(D17>=TIME(5,0,0), D17<=TIME(8,0,0)), TIME(12,0,0), IF(AND(D17>TIME(8,0,0), D17<=TIME(13,59,0)), TIME(15,0,0), IF(AND(D17>=TIME(14,0,0), D17<=TIME(17,59,0)), TIME(21,0,0), IF(AND(D17>=TIME(18,0,0), D17<=TIME(21,59,0)), TIME(0,0,0), IF(AND(D17>=TIME(22,0,0), D17<=TIME(23,59,59)), TIME(7,0,0), ""))))))) | G17: =E17 | I17: =ROUND(IF(OR(D17="",E17="",E17=0),0,IF(H17="",MOD(E17-D17,1)*24,MOD(H17-D17,1)*24)),2) | M17: =IF(OR($A17="Holiday",$A16="Holiday"),IF(OR($C17="",$D17=""),0, IF(OR($A16="Holiday",$A17="Holiday"),0, IF(AND(NOT(OR($A16="Annual Leave",$A17="Annual Leave")),$A17="Off day"),0, IF($I16+$I17>=8,IF($I16>=8,0,8-$I16),$I17) )))+IF(MOD(ROW(),2)=0,8,0),IF(OR($C17="",$D17=""),0, IF(OR($A16="Holiday",$A17="Holiday"),0, IF(AND(NOT(OR($A16="Annual Leave",$A17="Annual Leave")),$A17="Off day"),0, IF($I16+$I17>=8,IF($I16>=8,0,8-$I16),$I17) )))) | N17: =IF(OR($C17="",$D17=""),0, IF(OR($A16="Holiday",$A17="Holiday"), IF(ISNUMBER(MATCH(TRIM($B17),{"Phagwah","Good Friday","Easter Monday","Labour Day","Christmas","Eid ul Azha","Romans-2","Globe-12","Neptune P1"},0)),0,$I17), IF(AND(NOT(OR($A16="Annual Leave",$A17="Annual Leave")),$A17="Off day"),$I17, MAX(0,$I17-$M17) ))) | O17: =IF(AND(OR($A16="Holiday",$A17="Holiday"), ISNUMBER(MATCH(TRIM($B17),{"Phagwah","Good Friday","Easter Monday","Labour Day","Christmas","Eid ul Azha","Romans-2","Globe-12","Neptune P1"},0))), $I17,0) | R17: =IF(OR($O$7="Canteen",$O$7="Head Office"),0,IF(OR($I16>0,$I17>0), IF( OR( AND($D16>=TIME(5,0,0),$D16<=TIME(7,0,0)), AND($D16>=TIME(14,0,0),$D16<=TIME(15,0,0)), AND($D16>=TIME(18,0,0),$D16<=TIME(19,0,0)), AND($D17>=TIME(5,0,0),$D17<=TIME(7,0,0)), AND($D17>=TIME(14,0,0),$D17<=TIME(15,0,0)), AND($D17>=TIME(18,0,0),$D17<=TIME(19,0,0)) ), IF(AND($I16=0,$I17>0),1,0), 0 ), 0)) | S17: =IF(OR($A16="Annual Leave",$A17="Annual Leave"),IF(AND($A16<>"Annual Leave",$A17="Annual Leave"),8,0),0)
A18: On Day | C18: =C16+1 | E18: =IF(D18=0, 0, IF(AND(D18>=TIME(0,0,1), D18<=TIME(2,0,0)), TIME(7,0,0), IF(AND(D18>=TIME(5,0,0), D18<=TIME(8,0,0)), TIME(12,0,0), IF(AND(D18>TIME(8,0,0), D18<=TIME(13,59,0)), TIME(15,0,0), IF(AND(D18>=TIME(14,0,0), D18<=TIME(17,59,0)), TIME(21,0,0), IF(AND(D18>=TIME(18,0,0), D18<=TIME(21,59,0)), TIME(0,0,0), IF(AND(D18>=TIME(22,0,0), D18<=TIME(23,59,59)), TIME(7,0,0), ""))))))) | G18: =E18 | I18: =ROUND(IF(OR(D18="",E18="",E18=0),0,IF(H18="",MOD(E18-D18,1)*24,MOD(H18-D18,1)*24)),2) | M18: =IF(OR($A18="Holiday",$A19="Holiday"),IF(OR($C18="",$D18=""),0, IF(OR($A18="Holiday",$A19="Holiday"),0, IF(AND(NOT(OR($A18="Annual Leave",$A19="Annual Leave")),$A18="Off day"),0, IF($I18+$I19>=8,IF($I18>=8,8,$I18),$I18) )))+IF(MOD(ROW(),2)=0,8,0),IF(OR($C18="",$D18=""),0, IF(OR($A18="Holiday",$A19="Holiday"),0, IF(AND(NOT(OR($A18="Annual Leave",$A19="Annual Leave")),$A18="Off day"),0, IF($I18+$I19>=8,IF($I18>=8,8,$I18),$I18) )))) | N18: =IF(OR($C18="",$D18=""),0, IF(OR($A18="Holiday",$A19="Holiday"), IF(ISNUMBER(MATCH(TRIM($B18),{"Phagwah","Good Friday","Easter Monday","Labour Day","Christmas","Eid ul Azha","Romans-2","Globe-12","Neptune P1"},0)),0,$I18), IF(AND(NOT(OR($A18="Annual Leave",$A19="Annual Leave")),$A18="Off day"),$I18, MAX(0,$I18-$M18) ))) | O18: =IF(AND(OR($A18="Holiday",$A19="Holiday"), ISNUMBER(MATCH(TRIM($B18),{"Phagwah","Good Friday","Easter Monday","Labour Day","Christmas","Eid ul Azha","Romans-2","Globe-12","Neptune P1"},0))), $I18,0) | R18: =IF(OR($O$7="Canteen",$O$7="Head Office"),0,IF(OR($I18>0,$I19>0), IF( OR( AND($D18>=TIME(5,0,0),$D18<=TIME(7,0,0)), AND($D18>=TIME(14,0,0),$D18<=TIME(15,0,0)), AND($D18>=TIME(18,0,0),$D18<=TIME(19,0,0)), AND($D19>=TIME(5,0,0),$D19<=TIME(7,0,0)), AND($D19>=TIME(14,0,0),$D19<=TIME(15,0,0)), AND($D19>=TIME(18,0,0),$D19<=TIME(19,0,0)) ), IF($I18>0,1,0), 0 ), 0)) | S18: =IF(OR($A18="Annual Leave",$A19="Annual Leave"),IF($A18="Annual Leave",8,0),0)
A19: On Day | C19: =C18 | E19: =IF(D19=0, 0, IF(AND(D19>=TIME(0,0,1), D19<=TIME(2,0,0)), TIME(7,0,0), IF(AND(D19>=TIME(5,0,0), D19<=TIME(8,0,0)), TIME(12,0,0), IF(AND(D19>TIME(8,0,0), D19<=TIME(13,59,0)), TIME(15,0,0), IF(AND(D19>=TIME(14,0,0), D19<=TIME(17,59,0)), TIME(21,0,0), IF(AND(D19>=TIME(18,0,0), D19<=TIME(21,59,0)), TIME(0,0,0), IF(AND(D19>=TIME(22,0,0), D19<=TIME(23,59,59)), TIME(7,0,0), ""))))))) | G19: =E19 | I19: =ROUND(IF(OR(D19="",E19="",E19=0),0,IF(H19="",MOD(E19-D19,1)*24,MOD(H19-D19,1)*24)),2) | M19: =IF(OR($A19="Holiday",$A18="Holiday"),IF(OR($C19="",$D19=""),0, IF(OR($A18="Holiday",$A19="Holiday"),0, IF(AND(NOT(OR($A18="Annual Leave",$A19="Annual Leave")),$A19="Off day"),0, IF($I18+$I19>=8,IF($I18>=8,0,8-$I18),$I19) )))+IF(MOD(ROW(),2)=0,8,0),IF(OR($C19="",$D19=""),0, IF(OR($A18="Holiday",$A19="Holiday"),0, IF(AND(NOT(OR($A18="Annual Leave",$A19="Annual Leave")),$A19="Off day"),0, IF($I18+$I19>=8,IF($I18>=8,0,8-$I18),$I19) )))) | N19: =IF(OR($C19="",$D19=""),0, IF(OR($A18="Holiday",$A19="Holiday"), IF(ISNUMBER(MATCH(TRIM($B19),{"Phagwah","Good Friday","Easter Monday","Labour Day","Christmas","Eid ul Azha","Romans-2","Globe-12","Neptune P1"},0)),0,$I19), IF(AND(NOT(OR($A18="Annual Leave",$A19="Annual Leave")),$A19="Off day"),$I19, MAX(0,$I19-$M19) ))) | O19: =IF(AND(OR($A18="Holiday",$A19="Holiday"), ISNUMBER(MATCH(TRIM($B19),{"Phagwah","Good Friday","Easter Monday","Labour Day","Christmas","Eid ul Azha","Romans-2","Globe-12","Neptune P1"},0))), $I19,0) | R19: =IF(OR($O$7="Canteen",$O$7="Head Office"),0,IF(OR($I18>0,$I19>0), IF( OR( AND($D18>=TIME(5,0,0),$D18<=TIME(7,0,0)), AND($D18>=TIME(14,0,0),$D18<=TIME(15,0,0)), AND($D18>=TIME(18,0,0),$D18<=TIME(19,0,0)), AND($D19>=TIME(5,0,0),$D19<=TIME(7,0,0)), AND($D19>=TIME(14,0,0),$D19<=TIME(15,0,0)), AND($D19>=TIME(18,0,0),$D19<=TIME(19,0,0)) ), IF(AND($I18=0,$I19>0),1,0), 0 ), 0)) | S19: =IF(OR($A18="Annual Leave",$A19="Annual Leave"),IF(AND($A18<>"Annual Leave",$A19="Annual Leave"),8,0),0)
A20: On Day | C20: =C18+1 | E20: =IF(D20=0, 0, IF(AND(D20>=TIME(0,0,1), D20<=TIME(2,0,0)), TIME(7,0,0), IF(AND(D20>=TIME(5,0,0), D20<=TIME(8,0,0)), TIME(12,0,0), IF(AND(D20>TIME(8,0,0), D20<=TIME(13,59,0)), TIME(15,0,0), IF(AND(D20>=TIME(14,0,0), D20<=TIME(17,59,0)), TIME(21,0,0), IF(AND(D20>=TIME(18,0,0), D20<=TIME(21,59,0)), TIME(0,0,0), IF(AND(D20>=TIME(22,0,0), D20<=TIME(23,59,59)), TIME(7,0,0), ""))))))) | G20: =E20 | I20: =ROUND(IF(OR(D20="",E20="",E20=0),0,IF(H20="",MOD(E20-D20,1)*24,MOD(H20-D20,1)*24)),2) | M20: =IF(OR($A20="Holiday",$A21="Holiday"),IF(OR($C20="",$D20=""),0, IF(OR($A20="Holiday",$A21="Holiday"),0, IF(AND(NOT(OR($A20="Annual Leave",$A21="Annual Leave")),$A20="Off day"),0, IF($I20+$I21>=8,IF($I20>=8,8,$I20),$I20) )))+IF(MOD(ROW(),2)=0,8,0),IF(OR($C20="",$D20=""),0, IF(OR($A20="Holiday",$A21="Holiday"),0, IF(AND(NOT(OR($A20="Annual Leave",$A21="Annual Leave")),$A20="Off day"),0, IF($I20+$I21>=8,IF($I20>=8,8,$I20),$I20) )))) | N20: =IF(OR($C20="",$D20=""),0, IF(OR($A20="Holiday",$A21="Holiday"), IF(ISNUMBER(MATCH(TRIM($B20),{"Phagwah","Good Friday","Easter Monday","Labour Day","Christmas","Eid ul Azha","Romans-2","Globe-12","Neptune P1"},0)),0,$I20), IF(AND(NOT(OR($A20="Annual Leave",$A21="Annual Leave")),$A20="Off day"),$I20, MAX(0,$I20-$M20) ))) | O20: =IF(AND(OR($A20="Holiday",$A21="Holiday"), ISNUMBER(MATCH(TRIM($B20),{"Phagwah","Good Friday","Easter Monday","Labour Day","Christmas","Eid ul Azha","Romans-2","Globe-12","Neptune P1"},0))), $I20,0) | R20: =IF(OR($O$7="Canteen",$O$7="Head Office"),0,IF(OR($I20>0,$I21>0), IF( OR( AND($D20>=TIME(5,0,0),$D20<=TIME(7,0,0)), AND($D20>=TIME(14,0,0),$D20<=TIME(15,0,0)), AND($D20>=TIME(18,0,0),$D20<=TIME(19,0,0)), AND($D21>=TIME(5,0,0),$D21<=TIME(7,0,0)), AND($D21>=TIME(14,0,0),$D21<=TIME(15,0,0)), AND($D21>=TIME(18,0,0),$D21<=TIME(19,0,0)) ), IF($I20>0,1,0), 0 ), 0)) | S20: =IF(OR($A20="Annual Leave",$A21="Annual Leave"),IF($A20="Annual Leave",8,0),0)
A21: On Day | C21: =C20 | E21: =IF(D21=0, 0, IF(AND(D21>=TIME(0,0,1), D21<=TIME(2,0,0)), TIME(7,0,0), IF(AND(D21>=TIME(5,0,0), D21<=TIME(8,0,0)), TIME(12,0,0), IF(AND(D21>TIME(8,0,0), D21<=TIME(13,59,0)), TIME(15,0,0), IF(AND(D21>=TIME(14,0,0), D21<=TIME(17,59,0)), TIME(21,0,0), IF(AND(D21>=TIME(18,0,0), D21<=TIME(21,59,0)), TIME(0,0,0), IF(AND(D21>=TIME(22,0,0), D21<=TIME(23,59,59)), TIME(7,0,0), ""))))))) | G21: =E21 | I21: =ROUND(IF(OR(D21="",E21="",E21=0),0,IF(H21="",MOD(E21-D21,1)*24,MOD(H21-D21,1)*24)),2) | M21: =IF(OR($A21="Holiday",$A20="Holiday"),IF(OR($C21="",$D21=""),0, IF(OR($A20="Holiday",$A21="Holiday"),0, IF(AND(NOT(OR($A20="Annual Leave",$A21="Annual Leave")),$A21="Off day"),0, IF($I20+$I21>=8,IF($I20>=8,0,8-$I20),$I21) )))+IF(MOD(ROW(),2)=0,8,0),IF(OR($C21="",$D21=""),0, IF(OR($A20="Holiday",$A21="Holiday"),0, IF(AND(NOT(OR($A20="Annual Leave",$A21="Annual Leave")),$A21="Off day"),0, IF($I20+$I21>=8,IF($I20>=8,0,8-$I20),$I21) )))) | N21: =IF(OR($C21="",$D21=""),0, IF(OR($A20="Holiday",$A21="Holiday"), IF(ISNUMBER(MATCH(TRIM($B21),{"Phagwah","Good Friday","Easter Monday","Labour Day","Christmas","Eid ul Azha","Romans-2","Globe-12","Neptune P1"},0)),0,$I21), IF(AND(NOT(OR($A20="Annual Leave",$A21="Annual Leave")),$A21="Off day"),$I21, MAX(0,$I21-$M21) ))) | O21: =IF(AND(OR($A20="Holiday",$A21="Holiday"), ISNUMBER(MATCH(TRIM($B21),{"Phagwah","Good Friday","Easter Monday","Labour Day","Christmas","Eid ul Azha","Romans-2","Globe-12","Neptune P1"},0))), $I21,0) | R21: =IF(OR($O$7="Canteen",$O$7="Head Office"),0,IF(OR($I20>0,$I21>0), IF( OR( AND($D20>=TIME(5,0,0),$D20<=TIME(7,0,0)), AND($D20>=TIME(14,0,0),$D20<=TIME(15,0,0)), AND($D20>=TIME(18,0,0),$D20<=TIME(19,0,0)), AND($D21>=TIME(5,0,0),$D21<=TIME(7,0,0)), AND($D21>=TIME(14,0,0),$D21<=TIME(15,0,0)), AND($D21>=TIME(18,0,0),$D21<=TIME(19,0,0)) ), IF(AND($I20=0,$I21>0),1,0), 0 ), 0)) | S21: =IF(OR($A20="Annual Leave",$A21="Annual Leave"),IF(AND($A20<>"Annual Leave",$A21="Annual Leave"),8,0),0)
A22: On Day | C22: =C20+1 | E22: =IF(D22=0, 0, IF(AND(D22>=TIME(0,0,1), D22<=TIME(2,0,0)), TIME(7,0,0), IF(AND(D22>=TIME(5,0,0), D22<=TIME(8,0,0)), TIME(12,0,0), IF(AND(D22>TIME(8,0,0), D22<=TIME(13,59,0)), TIME(15,0,0), IF(AND(D22>=TIME(14,0,0), D22<=TIME(17,59,0)), TIME(21,0,0), IF(AND(D22>=TIME(18,0,0), D22<=TIME(21,59,0)), TIME(0,0,0), IF(AND(D22>=TIME(22,0,0), D22<=TIME(23,59,59)), TIME(7,0,0), ""))))))) | G22: =E22 | I22: =ROUND(IF(OR(D22="",E22="",E22=0),0,IF(H22="",MOD(E22-D22,1)*24,MOD(H22-D22,1)*24)),2) | M22: =IF(OR($A22="Holiday",$A23="Holiday"),IF(OR($C22="",$D22=""),0, IF(OR($A22="Holiday",$A23="Holiday"),0, IF(AND(NOT(OR($A22="Annual Leave",$A23="Annual Leave")),$A22="Off day"),0, IF($I22+$I23>=8,IF($I22>=8,8,$I22),$I22) )))+IF(MOD(ROW(),2)=0,8,0),IF(OR($C22="",$D22=""),0, IF(OR($A22="Holiday",$A23="Holiday"),0, IF(AND(NOT(OR($A22="Annual Leave",$A23="Annual Leave")),$A22="Off day"),0, IF($I22+$I23>=8,IF($I22>=8,8,$I22),$I22) )))) | N22: =IF(OR($C22="",$D22=""),0, IF(OR($A22="Holiday",$A23="Holiday"), IF(ISNUMBER(MATCH(TRIM($B22),{"Phagwah","Good Friday","Easter Monday","Labour Day","Christmas","Eid ul Azha","Romans-2","Globe-12","Neptune P1"},0)),0,$I22), IF(AND(NOT(OR($A22="Annual Leave",$A23="Annual Leave")),$A22="Off day"),$I22, MAX(0,$I22-$M22) ))) | O22: =IF(AND(OR($A22="Holiday",$A23="Holiday"), ISNUMBER(MATCH(TRIM($B22),{"Phagwah","Good Friday","Easter Monday","Labour Day","Christmas","Eid ul Azha","Romans-2","Globe-12","Neptune P1"},0))), $I22,0) | R22: =IF(OR($O$7="Canteen",$O$7="Head Office"),0,IF(OR($I22>0,$I23>0), IF( OR( AND($D22>=TIME(5,0,0),$D22<=TIME(7,0,0)), AND($D22>=TIME(14,0,0),$D22<=TIME(15,0,0)), AND($D22>=TIME(18,0,0),$D22<=TIME(19,0,0)), AND($D23>=TIME(5,0,0),$D23<=TIME(7,0,0)), AND($D23>=TIME(14,0,0),$D23<=TIME(15,0,0)), AND($D23>=TIME(18,0,0),$D23<=TIME(19,0,0)) ), IF($I22>0,1,0), 0 ), 0)) | S22: =IF(OR($A22="Annual Leave",$A23="Annual Leave"),IF($A22="Annual Leave",8,0),0)
A23: On Day | C23: =C22 | E23: =IF(D23=0, 0, IF(AND(D23>=TIME(0,0,1), D23<=TIME(2,0,0)), TIME(7,0,0), IF(AND(D23>=TIME(5,0,0), D23<=TIME(8,0,0)), TIME(12,0,0), IF(AND(D23>TIME(8,0,0), D23<=TIME(13,59,0)), TIME(15,0,0), IF(AND(D23>=TIME(14,0,0), D23<=TIME(17,59,0)), TIME(21,0,0), IF(AND(D23>=TIME(18,0,0), D23<=TIME(21,59,0)), TIME(0,0,0), IF(AND(D23>=TIME(22,0,0), D23<=TIME(23,59,59)), TIME(7,0,0), ""))))))) | G23: =E23 | I23: =ROUND(IF(OR(D23="",E23="",E23=0),0,IF(H23="",MOD(E23-D23,1)*24,MOD(H23-D23,1)*24)),2) | M23: =IF(OR($A23="Holiday",$A22="Holiday"),IF(OR($C23="",$D23=""),0, IF(OR($A22="Holiday",$A23="Holiday"),0, IF(AND(NOT(OR($A22="Annual Leave",$A23="Annual Leave")),$A23="Off day"),0, IF($I22+$I23>=8,IF($I22>=8,0,8-$I22),$I23) )))+IF(MOD(ROW(),2)=0,8,0),IF(OR($C23="",$D23=""),0, IF(OR($A22="Holiday",$A23="Holiday"),0, IF(AND(NOT(OR($A22="Annual Leave",$A23="Annual Leave")),$A23="Off day"),0, IF($I22+$I23>=8,IF($I22>=8,0,8-$I22),$I23) )))) | N23: =IF(OR($C23="",$D23=""),0, IF(OR($A22="Holiday",$A23="Holiday"), IF(ISNUMBER(MATCH(TRIM($B23),{"Phagwah","Good Friday","Easter Monday","Labour Day","Christmas","Eid ul Azha","Romans-2","Globe-12","Neptune P1"},0)),0,$I23), IF(AND(NOT(OR($A22="Annual Leave",$A23="Annual Leave")),$A23="Off day"),$I23, MAX(0,$I23-$M23) ))) | O23: =IF(AND(OR($A22="Holiday",$A23="Holiday"), ISNUMBER(MATCH(TRIM($B23),{"Phagwah","Good Friday","Easter Monday","Labour Day","Christmas","Eid ul Azha","Romans-2","Globe-12","Neptune P1"},0))), $I23,0) | R23: =IF(OR($O$7="Canteen",$O$7="Head Office"),0,IF(OR($I22>0,$I23>0), IF( OR( AND($D22>=TIME(5,0,0),$D22<=TIME(7,0,0)), AND($D22>=TIME(14,0,0),$D22<=TIME(15,0,0)), AND($D22>=TIME(18,0,0),$D22<=TIME(19,0,0)), AND($D23>=TIME(5,0,0),$D23<=TIME(7,0,0)), AND($D23>=TIME(14,0,0),$D23<=TIME(15,0,0)), AND($D23>=TIME(18,0,0),$D23<=TIME(19,0,0)) ), IF(AND($I22=0,$I23>0),1,0), 0 ), 0)) | S23: =IF(OR($A22="Annual Leave",$A23="Annual Leave"),IF(AND($A22<>"Annual Leave",$A23="Annual Leave"),8,0),0)
A24: On Day | C24: =C22+1 | E24: =IF(D24=0, 0, IF(AND(D24>=TIME(0,0,1), D24<=TIME(2,0,0)), TIME(7,0,0), IF(AND(D24>=TIME(5,0,0), D24<=TIME(8,0,0)), TIME(12,0,0), IF(AND(D24>TIME(8,0,0), D24<=TIME(13,59,0)), TIME(15,0,0), IF(AND(D24>=TIME(14,0,0), D24<=TIME(17,59,0)), TIME(21,0,0), IF(AND(D24>=TIME(18,0,0), D24<=TIME(21,59,0)), TIME(0,0,0), IF(AND(D24>=TIME(22,0,0), D24<=TIME(23,59,59)), TIME(7,0,0), ""))))))) | G24: =E24 | I24: =ROUND(IF(OR(D24="",E24="",E24=0),0,IF(H24="",MOD(E24-D24,1)*24,MOD(H24-D24,1)*24)),2) | M24: =IF(OR($A24="Holiday",$A25="Holiday"),IF(OR($C24="",$D24=""),0, IF(OR($A24="Holiday",$A25="Holiday"),0, IF(AND(NOT(OR($A24="Annual Leave",$A25="Annual Leave")),$A24="Off day"),0, IF($I24+$I25>=8,IF($I24>=8,8,$I24),$I24) )))+IF(MOD(ROW(),2)=0,8,0),IF(OR($C24="",$D24=""),0, IF(OR($A24="Holiday",$A25="Holiday"),0, IF(AND(NOT(OR($A24="Annual Leave",$A25="Annual Leave")),$A24="Off day"),0, IF($I24+$I25>=8,IF($I24>=8,8,$I24),$I24) )))) | N24: =IF(OR($C24="",$D24=""),0, IF(OR($A24="Holiday",$A25="Holiday"), IF(ISNUMBER(MATCH(TRIM($B24),{"Phagwah","Good Friday","Easter Monday","Labour Day","Christmas","Eid ul Azha","Romans-2","Globe-12","Neptune P1"},0)),0,$I24), IF(AND(NOT(OR($A24="Annual Leave",$A25="Annual Leave")),$A24="Off day"),$I24, MAX(0,$I24-$M24) ))) | O24: =IF(AND(OR($A24="Holiday",$A25="Holiday"), ISNUMBER(MATCH(TRIM($B24),{"Phagwah","Good Friday","Easter Monday","Labour Day","Christmas","Eid ul Azha","Romans-2","Globe-12","Neptune P1"},0))), $I24,0) | R24: =IF(OR($O$7="Canteen",$O$7="Head Office"),0,IF(OR($I24>0,$I25>0), IF( OR( AND($D24>=TIME(5,0,0),$D24<=TIME(7,0,0)), AND($D24>=TIME(14,0,0),$D24<=TIME(15,0,0)), AND($D24>=TIME(18,0,0),$D24<=TIME(19,0,0)), AND($D25>=TIME(5,0,0),$D25<=TIME(7,0,0)), AND($D25>=TIME(14,0,0),$D25<=TIME(15,0,0)), AND($D25>=TIME(18,0,0),$D25<=TIME(19,0,0)) ), IF($I24>0,1,0), 0 ), 0)) | S24: =IF(OR($A24="Annual Leave",$A25="Annual Leave"),IF($A24="Annual Leave",8,0),0)
A25: On Day | C25: =C24 | E25: =IF(D25=0, 0, IF(AND(D25>=TIME(0,0,1), D25<=TIME(2,0,0)), TIME(7,0,0), IF(AND(D25>=TIME(5,0,0), D25<=TIME(8,0,0)), TIME(12,0,0), IF(AND(D25>TIME(8,0,0), D25<=TIME(13,59,0)), TIME(15,0,0), IF(AND(D25>=TIME(14,0,0), D25<=TIME(17,59,0)), TIME(21,0,0), IF(AND(D25>=TIME(18,0,0), D25<=TIME(21,59,0)), TIME(0,0,0), IF(AND(D25>=TIME(22,0,0), D25<=TIME(23,59,59)), TIME(7,0,0), ""))))))) | G25: =E25 | I25: =ROUND(IF(OR(D25="",E25="",E25=0),0,IF(H25="",MOD(E25-D25,1)*24,MOD(H25-D25,1)*24)),2) | M25: =IF(OR($A25="Holiday",$A24="Holiday"),IF(OR($C25="",$D25=""),0, IF(OR($A24="Holiday",$A25="Holiday"),0, IF(AND(NOT(OR($A24="Annual Leave",$A25="Annual Leave")),$A25="Off day"),0, IF($I24+$I25>=8,IF($I24>=8,0,8-$I24),$I25) )))+IF(MOD(ROW(),2)=0,8,0),IF(OR($C25="",$D25=""),0, IF(OR($A24="Holiday",$A25="Holiday"),0, IF(AND(NOT(OR($A24="Annual Leave",$A25="Annual Leave")),$A25="Off day"),0, IF($I24+$I25>=8,IF($I24>=8,0,8-$I24),$I25) )))) | N25: =IF(OR($C25="",$D25=""),0, IF(OR($A24="Holiday",$A25="Holiday"), IF(ISNUMBER(MATCH(TRIM($B25),{"Phagwah","Good Friday","Easter Monday","Labour Day","Christmas","Eid ul Azha","Romans-2","Globe-12","Neptune P1"},0)),0,$I25), IF(AND(NOT(OR($A24="Annual Leave",$A25="Annual Leave")),$A25="Off day"),$I25, MAX(0,$I25-$M25) ))) | O25: =IF(AND(OR($A24="Holiday",$A25="Holiday"), ISNUMBER(MATCH(TRIM($B25),{"Phagwah","Good Friday","Easter Monday","Labour Day","Christmas","Eid ul Azha","Romans-2","Globe-12","Neptune P1"},0))), $I25,0) | R25: =IF(OR($O$7="Canteen",$O$7="Head Office"),0,IF(OR($I24>0,$I25>0), IF( OR( AND($D24>=TIME(5,0,0),$D24<=TIME(7,0,0)), AND($D24>=TIME(14,0,0),$D24<=TIME(15,0,0)), AND($D24>=TIME(18,0,0),$D24<=TIME(19,0,0)), AND($D25>=TIME(5,0,0),$D25<=TIME(7,0,0)), AND($D25>=TIME(14,0,0),$D25<=TIME(15,0,0)), AND($D25>=TIME(18,0,0),$D25<=TIME(19,0,0)) ), IF(AND($I24=0,$I25>0),1,0), 0 ), 0)) | S25: =IF(OR($A24="Annual Leave",$A25="Annual Leave"),IF(AND($A24<>"Annual Leave",$A25="Annual Leave"),8,0),0)
A26: On Day | C26: =C24+1 | E26: =IF(D26=0, 0, IF(AND(D26>=TIME(0,0,1), D26<=TIME(2,0,0)), TIME(7,0,0), IF(AND(D26>=TIME(5,0,0), D26<=TIME(8,0,0)), TIME(12,0,0), IF(AND(D26>TIME(8,0,0), D26<=TIME(13,59,0)), TIME(15,0,0), IF(AND(D26>=TIME(14,0,0), D26<=TIME(17,59,0)), TIME(21,0,0), IF(AND(D26>=TIME(18,0,0), D26<=TIME(21,59,0)), TIME(0,0,0), IF(AND(D26>=TIME(22,0,0), D26<=TIME(23,59,59)), TIME(7,0,0), ""))))))) | G26: =E26 | I26: =ROUND(IF(OR(D26="",E26="",E26=0),0,IF(H26="",MOD(E26-D26,1)*24,MOD(H26-D26,1)*24)),2) | M26: =IF(OR($A26="Holiday",$A27="Holiday"),IF(OR($C26="",$D26=""),0, IF(OR($A26="Holiday",$A27="Holiday"),0, IF(AND(NOT(OR($A26="Annual Leave",$A27="Annual Leave")),$A26="Off day"),0, IF($I26+$I27>=8,IF($I26>=8,8,$I26),$I26) )))+IF(MOD(ROW(),2)=0,8,0),IF(OR($C26="",$D26=""),0, IF(OR($A26="Holiday",$A27="Holiday"),0, IF(AND(NOT(OR($A26="Annual Leave",$A27="Annual Leave")),$A26="Off day"),0, IF($I26+$I27>=8,IF($I26>=8,8,$I26),$I26) )))) | N26: =IF(OR($C26="",$D26=""),0, IF(OR($A26="Holiday",$A27="Holiday"), IF(ISNUMBER(MATCH(TRIM($B26),{"Phagwah","Good Friday","Easter Monday","Labour Day","Christmas","Eid ul Azha","Romans-2","Globe-12","Neptune P1"},0)),0,$I26), IF(AND(NOT(OR($A26="Annual Leave",$A27="Annual Leave")),$A26="Off day"),$I26, MAX(0,$I26-$M26) ))) | O26: =IF(AND(OR($A26="Holiday",$A27="Holiday"), ISNUMBER(MATCH(TRIM($B26),{"Phagwah","Good Friday","Easter Monday","Labour Day","Christmas","Eid ul Azha","Romans-2","Globe-12","Neptune P1"},0))), $I26,0) | R26: =IF(OR($O$7="Canteen",$O$7="Head Office"),0,IF(OR($I26>0,$I27>0), IF( OR( AND($D26>=TIME(5,0,0),$D26<=TIME(7,0,0)), AND($D26>=TIME(14,0,0),$D26<=TIME(15,0,0)), AND($D26>=TIME(18,0,0),$D26<=TIME(19,0,0)), AND($D27>=TIME(5,0,0),$D27<=TIME(7,0,0)), AND($D27>=TIME(14,0,0),$D27<=TIME(15,0,0)), AND($D27>=TIME(18,0,0),$D27<=TIME(19,0,0)) ), IF($I26>0,1,0), 0 ), 0)) | S26: =IF(OR($A26="Annual Leave",$A27="Annual Leave"),IF($A26="Annual Leave",8,0),0)
A27: On Day | C27: =C26 | E27: =IF(D27=0, 0, IF(AND(D27>=TIME(0,0,1), D27<=TIME(2,0,0)), TIME(7,0,0), IF(AND(D27>=TIME(5,0,0), D27<=TIME(8,0,0)), TIME(12,0,0), IF(AND(D27>TIME(8,0,0), D27<=TIME(13,59,0)), TIME(15,0,0), IF(AND(D27>=TIME(14,0,0), D27<=TIME(17,59,0)), TIME(21,0,0), IF(AND(D27>=TIME(18,0,0), D27<=TIME(21,59,0)), TIME(0,0,0), IF(AND(D27>=TIME(22,0,0), D27<=TIME(23,59,59)), TIME(7,0,0), ""))))))) | G27: =E27 | I27: =ROUND(IF(OR(D27="",E27="",E27=0),0,IF(H27="",MOD(E27-D27,1)*24,MOD(H27-D27,1)*24)),2) | M27: =IF(OR($A27="Holiday",$A26="Holiday"),IF(OR($C27="",$D27=""),0, IF(OR($A26="Holiday",$A27="Holiday"),0, IF(AND(NOT(OR($A26="Annual Leave",$A27="Annual Leave")),$A27="Off day"),0, IF($I26+$I27>=8,IF($I26>=8,0,8-$I26),$I27) )))+IF(MOD(ROW(),2)=0,8,0),IF(OR($C27="",$D27=""),0, IF(OR($A26="Holiday",$A27="Holiday"),0, IF(AND(NOT(OR($A26="Annual Leave",$A27="Annual Leave")),$A27="Off day"),0, IF($I26+$I27>=8,IF($I26>=8,0,8-$I26),$I27) )))) | N27: =IF(OR($C27="",$D27=""),0, IF(OR($A26="Holiday",$A27="Holiday"), IF(ISNUMBER(MATCH(TRIM($B27),{"Phagwah","Good Friday","Easter Monday","Labour Day","Christmas","Eid ul Azha","Romans-2","Globe-12","Neptune P1"},0)),0,$I27), IF(AND(NOT(OR($A26="Annual Leave",$A27="Annual Leave")),$A27="Off day"),$I27, MAX(0,$I27-$M27) ))) | O27: =IF(AND(OR($A26="Holiday",$A27="Holiday"), ISNUMBER(MATCH(TRIM($B27),{"Phagwah","Good Friday","Easter Monday","Labour Day","Christmas","Eid ul Azha","Romans-2","Globe-12","Neptune P1"},0))), $I27,0) | R27: =IF(OR($O$7="Canteen",$O$7="Head Office"),0,IF(OR($I26>0,$I27>0), IF( OR( AND($D26>=TIME(5,0,0),$D26<=TIME(7,0,0)), AND($D26>=TIME(14,0,0),$D26<=TIME(15,0,0)), AND($D26>=TIME(18,0,0),$D26<=TIME(19,0,0)), AND($D27>=TIME(5,0,0),$D27<=TIME(7,0,0)), AND($D27>=TIME(14,0,0),$D27<=TIME(15,0,0)), AND($D27>=TIME(18,0,0),$D27<=TIME(19,0,0)) ), IF(AND($I26=0,$I27>0),1,0), 0 ), 0)) | S27: =IF(OR($A26="Annual Leave",$A27="Annual Leave"),IF(AND($A26<>"Annual Leave",$A27="Annual Leave"),8,0),0)
M28: =IF(OR($A28="Holiday",$A29="Holiday"),IF(OR($C28="",$D28=""),0, IF(OR($A28="Holiday",$A29="Holiday"),0, IF(AND(NOT(OR($A28="Annual Leave",$A29="Annual Leave")),$A28="Off day"),0, IF($I28+$I29>=8,IF($I28>=8,8,$I28),$I28) )))+IF(MOD(ROW(),2)=0,8,0),IF(OR($C28="",$D28=""),0, IF(OR($A28="Holiday",$A29="Holiday"),0, IF(AND(NOT(OR($A28="Annual Leave",$A29="Annual Leave")),$A28="Off day"),0, IF($I28+$I29>=8,IF($I28>=8,8,$I28),$I28) )))) | N28: =IF(OR($C28="",$D28=""),0, IF(OR($A28="Holiday",$A29="Holiday"), IF(ISNUMBER(MATCH(TRIM($B28),{"Phagwah","Good Friday","Easter Monday","Labour Day","Christmas","Eid ul Azha","Romans-2","Globe-12","Neptune P1"},0)),0,$I28), IF(AND(NOT(OR($A28="Annual Leave",$A29="Annual Leave")),$A28="Off day"),$I28, MAX(0,$I28-$M28) ))) | O28: =IF(AND(OR($A28="Holiday",$A29="Holiday"), ISNUMBER(MATCH(TRIM($B28),{"Phagwah","Good Friday","Easter Monday","Labour Day","Christmas","Eid ul Azha","Romans-2","Globe-12","Neptune P1"},0))), $I28,0) | S28: =IF(OR($A28="Annual Leave",$A29="Annual Leave"),IF($A28="Annual Leave",8,0),0) | T28: =SUM(T14:T27)
E29: =IF(D29=0, 0, IF(AND(D29>=TIME(0,0,1), D29<=TIME(2,0,0)), TIME(7,0,0), IF(AND(D29>=TIME(5,0,0), D29<=TIME(8,0,0)), TIME(12,0,0), IF(AND(D29>TIME(8,0,0), D29<=TIME(13,59,0)), TIME(15,0,0), IF(AND(D29>=TIME(14,0,0), D29<=TIME(17,59,0)), TIME(21,0,0), IF(AND(D29>=TIME(18,0,0), D29<=TIME(21,59,0)), TIME(0,0,0), IF(AND(D29>=TIME(22,0,0), D29<=TIME(23,59,59)), TIME(7,0,0), ""))))))) | M29: =IF(OR($A29="Holiday",$A28="Holiday"),IF(OR($C29="",$D29=""),0, IF(OR($A28="Holiday",$A29="Holiday"),0, IF(AND(NOT(OR($A28="Annual Leave",$A29="Annual Leave")),$A29="Off day"),0, IF($I28+$I29>=8,IF($I28>=8,0,8-$I28),$I29) )))+IF(MOD(ROW(),2)=0,8,0),IF(OR($C29="",$D29=""),0, IF(OR($A28="Holiday",$A29="Holiday"),0, IF(AND(NOT(OR($A28="Annual Leave",$A29="Annual Leave")),$A29="Off day"),0, IF($I28+$I29>=8,IF($I28>=8,0,8-$I28),$I29) )))) | N29: =IF(OR($C29="",$D29=""),0, IF(OR($A28="Holiday",$A29="Holiday"), IF(ISNUMBER(MATCH(TRIM($B29),{"Phagwah","Good Friday","Easter Monday","Labour Day","Christmas","Eid ul Azha","Romans-2","Globe-12","Neptune P1"},0)),0,$I29), IF(AND(NOT(OR($A28="Annual Leave",$A29="Annual Leave")),$A29="Off day"),$I29, MAX(0,$I29-$M29) ))) | O29: =IF(AND(OR($A28="Holiday",$A29="Holiday"), ISNUMBER(MATCH(TRIM($B29),{"Phagwah","Good Friday","Easter Monday","Labour Day","Christmas","Eid ul Azha","Romans-2","Globe-12","Neptune P1"},0))), $I29,0) | R29: =IF(OR($O$7="Canteen",$O$7="Head Office"),0,IF( AND( SUMIFS(I:I, C:C, C29) >= 8, COUNTIFS(C$14:C29, C29)=1, OR( TEXT(D29,"hh:mm:ss")="07:00:00", TEXT(D29,"hh:mm:ss")="15:00:00", TEXT(D29,"hh:mm:ss")="23:00:00", TEXT(D30,"hh:mm:ss")="07:00:00", TEXT(D30,"hh:mm:ss")="15:00:00", TEXT(D30,"hh:mm:ss")="23:00:00" ) ), 1, 0 )) | S29: =IF(OR($A28="Annual Leave",$A29="Annual Leave"),IF(AND($A28<>"Annual Leave",$A29="Annual Leave"),8,0),0)
A30: On Day | C30: =C27+1 | E30: =IF(D30=0, 0, IF(AND(D30>=TIME(0,0,1), D30<=TIME(2,0,0)), TIME(7,0,0), IF(AND(D30>=TIME(5,0,0), D30<=TIME(8,0,0)), TIME(12,0,0), IF(AND(D30>TIME(8,0,0), D30<=TIME(13,59,0)), TIME(15,0,0), IF(AND(D30>=TIME(14,0,0), D30<=TIME(17,59,0)), TIME(21,0,0), IF(AND(D30>=TIME(18,0,0), D30<=TIME(21,59,0)), TIME(0,0,0), IF(AND(D30>=TIME(22,0,0), D30<=TIME(23,59,59)), TIME(7,0,0), ""))))))) | G30: =E30 | I30: =ROUND(IF(OR(D30="",E30="",E30=0),0,IF(H30="",MOD(E30-D30,1)*24,MOD(H30-D30,1)*24)),2) | M30: =IF(OR($A30="Holiday",$A31="Holiday"),IF(OR($C30="",$D30=""),0, IF(OR($A30="Holiday",$A31="Holiday"),0, IF(AND(NOT(OR($A30="Annual Leave",$A31="Annual Leave")),$A30="Off day"),0, IF($I30+$I31>=8,IF($I30>=8,8,$I30),$I30) )))+IF(MOD(ROW(),2)=0,8,0),IF(OR($C30="",$D30=""),0, IF(OR($A30="Holiday",$A31="Holiday"),0, IF(AND(NOT(OR($A30="Annual Leave",$A31="Annual Leave")),$A30="Off day"),0, IF($I30+$I31>=8,IF($I30>=8,8,$I30),$I30) )))) | N30: =IF(OR($C30="",$D30=""),0, IF(OR($A30="Holiday",$A31="Holiday"), IF(ISNUMBER(MATCH(TRIM($B30),{"Phagwah","Good Friday","Easter Monday","Labour Day","Christmas","Eid ul Azha","Romans-2","Globe-12","Neptune P1"},0)),0,$I30), IF(AND(NOT(OR($A30="Annual Leave",$A31="Annual Leave")),$A30="Off day"),$I30, MAX(0,$I30-$M30) ))) | O30: =IF(AND(OR($A30="Holiday",$A31="Holiday"), ISNUMBER(MATCH(TRIM($B30),{"Phagwah","Good Friday","Easter Monday","Labour Day","Christmas","Eid ul Azha","Romans-2","Globe-12","Neptune P1"},0))), $I30,0) | R30: =IF(OR($O$7="Canteen",$O$7="Head Office"),0,IF( AND( SUMIFS(I:I, C:C, C30) >= 8, COUNTIFS(C$14:C30, C30)=1, OR( TEXT(D30,"hh:mm:ss")="07:00:00", TEXT(D30,"hh:mm:ss")="15:00:00", TEXT(D30,"hh:mm:ss")="23:00:00", TEXT(D31,"hh:mm:ss")="07:00:00", TEXT(D31,"hh:mm:ss")="15:00:00", TEXT(D31,"hh:mm:ss")="23:00:00" ) ), 1, 0 )) | S30: =IF(OR($A30="Annual Leave",$A31="Annual Leave"),IF($A30="Annual Leave",8,0),0)
A31: On Day | C31: =C30 | E31: =IF(D31=0, 0, IF(AND(D31>=TIME(0,0,1), D31<=TIME(2,0,0)), TIME(7,0,0), IF(AND(D31>=TIME(5,0,0), D31<=TIME(8,0,0)), TIME(12,0,0), IF(AND(D31>TIME(8,0,0), D31<=TIME(13,59,0)), TIME(15,0,0), IF(AND(D31>=TIME(14,0,0), D31<=TIME(17,59,0)), TIME(21,0,0), IF(AND(D31>=TIME(18,0,0), D31<=TIME(21,59,0)), TIME(0,0,0), IF(AND(D31>=TIME(22,0,0), D31<=TIME(23,59,59)), TIME(7,0,0), ""))))))) | G31: =E31 | I31: =ROUND(IF(OR(D31="",E31="",E31=0),0,IF(H31="",MOD(E31-D31,1)*24,MOD(H31-D31,1)*24)),2) | M31: =IF(OR($A31="Holiday",$A30="Holiday"),IF(OR($C31="",$D31=""),0, IF(OR($A30="Holiday",$A31="Holiday"),0, IF(AND(NOT(OR($A30="Annual Leave",$A31="Annual Leave")),$A31="Off day"),0, IF($I30+$I31>=8,IF($I30>=8,0,8-$I30),$I31) )))+IF(MOD(ROW(),2)=0,8,0),IF(OR($C31="",$D31=""),0, IF(OR($A30="Holiday",$A31="Holiday"),0, IF(AND(NOT(OR($A30="Annual Leave",$A31="Annual Leave")),$A31="Off day"),0, IF($I30+$I31>=8,IF($I30>=8,0,8-$I30),$I31) )))) | N31: =IF(OR($C31="",$D31=""),0, IF(OR($A30="Holiday",$A31="Holiday"), IF(ISNUMBER(MATCH(TRIM($B31),{"Phagwah","Good Friday","Easter Monday","Labour Day","Christmas","Eid ul Azha","Romans-2","Globe-12","Neptune P1"},0)),0,$I31), IF(AND(NOT(OR($A30="Annual Leave",$A31="Annual Leave")),$A31="Off day"),$I31, MAX(0,$I31-$M31) ))) | O31: =IF(AND(OR($A30="Holiday",$A31="Holiday"), ISNUMBER(MATCH(TRIM($B31),{"Phagwah","Good Friday","Easter Monday","Labour Day","Christmas","Eid ul Azha","Romans-2","Globe-12","Neptune P1"},0))), $I31,0) | R31: =IF(OR($O$7="Canteen",$O$7="Head Office"),0,IF( AND( SUMIFS(I:I, C:C, C31) >= 8, COUNTIFS(C$14:C31, C31)=1, OR( TEXT(D31,"hh:mm:ss")="07:00:00", TEXT(D31,"hh:mm:ss")="15:00:00", TEXT(D31,"hh:mm:ss")="23:00:00", TEXT(D32,"hh:mm:ss")="07:00:00", TEXT(D32,"hh:mm:ss")="15:00:00", TEXT(D32,"hh:mm:ss")="23:00:00" ) ), 1, 0 )) | S31: =IF(OR($A30="Annual Leave",$A31="Annual Leave"),IF(AND($A30<>"Annual Leave",$A31="Annual Leave"),8,0),0)
A32: On Day | C32: =C30+1 | E32: =IF(D32=0, 0, IF(AND(D32>=TIME(0,0,1), D32<=TIME(2,0,0)), TIME(7,0,0), IF(AND(D32>=TIME(5,0,0), D32<=TIME(8,0,0)), TIME(12,0,0), IF(AND(D32>TIME(8,0,0), D32<=TIME(13,59,0)), TIME(15,0,0), IF(AND(D32>=TIME(14,0,0), D32<=TIME(17,59,0)), TIME(21,0,0), IF(AND(D32>=TIME(18,0,0), D32<=TIME(21,59,0)), TIME(0,0,0), IF(AND(D32>=TIME(22,0,0), D32<=TIME(23,59,59)), TIME(7,0,0), ""))))))) | G32: =E32 | I32: =ROUND(IF(OR(D32="",E32="",E32=0),0,IF(H32="",MOD(E32-D32,1)*24,MOD(H32-D32,1)*24)),2) | M32: =IF(OR($A32="Holiday",$A33="Holiday"),IF(OR($C32="",$D32=""),0, IF(OR($A32="Holiday",$A33="Holiday"),0, IF(AND(NOT(OR($A32="Annual Leave",$A33="Annual Leave")),$A32="Off day"),0, IF($I32+$I33>=8,IF($I32>=8,8,$I32),$I32) )))+IF(MOD(ROW(),2)=0,8,0),IF(OR($C32="",$D32=""),0, IF(OR($A32="Holiday",$A33="Holiday"),0, IF(AND(NOT(OR($A32="Annual Leave",$A33="Annual Leave")),$A32="Off day"),0, IF($I32+$I33>=8,IF($I32>=8,8,$I32),$I32) )))) | N32: =IF(OR($C32="",$D32=""),0, IF(OR($A32="Holiday",$A33="Holiday"), IF(ISNUMBER(MATCH(TRIM($B32),{"Phagwah","Good Friday","Easter Monday","Labour Day","Christmas","Eid ul Azha","Romans-2","Globe-12","Neptune P1"},0)),0,$I32), IF(AND(NOT(OR($A32="Annual Leave",$A33="Annual Leave")),$A32="Off day"),$I32, MAX(0,$I32-$M32) ))) | O32: =IF(AND(OR($A32="Holiday",$A33="Holiday"), ISNUMBER(MATCH(TRIM($B32),{"Phagwah","Good Friday","Easter Monday","Labour Day","Christmas","Eid ul Azha","Romans-2","Globe-12","Neptune P1"},0))), $I32,0) | R32: =IF(OR($O$7="Canteen",$O$7="Head Office"),0,IF( AND( SUMIFS(I:I, C:C, C32) >= 8, COUNTIFS(C$14:C32, C32)=1, OR( TEXT(D32,"hh:mm:ss")="07:00:00", TEXT(D32,"hh:mm:ss")="15:00:00", TEXT(D32,"hh:mm:ss")="23:00:00", TEXT(D33,"hh:mm:ss")="07:00:00", TEXT(D33,"hh:mm:ss")="15:00:00", TEXT(D33,"hh:mm:ss")="23:00:00" ) ), 1, 0 )) | S32: =IF(OR($A32="Annual Leave",$A33="Annual Leave"),IF($A32="Annual Leave",8,0),0)
A33: On Day | C33: =C32 | E33: =IF(D33=0, 0, IF(AND(D33>=TIME(0,0,1), D33<=TIME(2,0,0)), TIME(7,0,0), IF(AND(D33>=TIME(5,0,0), D33<=TIME(8,0,0)), TIME(12,0,0), IF(AND(D33>TIME(8,0,0), D33<=TIME(13,59,0)), TIME(15,0,0), IF(AND(D33>=TIME(14,0,0), D33<=TIME(17,59,0)), TIME(21,0,0), IF(AND(D33>=TIME(18,0,0), D33<=TIME(21,59,0)), TIME(0,0,0), IF(AND(D33>=TIME(22,0,0), D33<=TIME(23,59,59)), TIME(7,0,0), ""))))))) | G33: =E33 | I33: =ROUND(IF(OR(D33="",E33="",E33=0),0,IF(H33="",MOD(E33-D33,1)*24,MOD(H33-D33,1)*24)),2) | M33: =IF(OR($A33="Holiday",$A32="Holiday"),IF(OR($C33="",$D33=""),0, IF(OR($A32="Holiday",$A33="Holiday"),0, IF(AND(NOT(OR($A32="Annual Leave",$A33="Annual Leave")),$A33="Off day"),0, IF($I32+$I33>=8,IF($I32>=8,0,8-$I32),$I33) )))+IF(MOD(ROW(),2)=0,8,0),IF(OR($C33="",$D33=""),0, IF(OR($A32="Holiday",$A33="Holiday"),0, IF(AND(NOT(OR($A32="Annual Leave",$A33="Annual Leave")),$A33="Off day"),0, IF($I32+$I33>=8,IF($I32>=8,0,8-$I32),$I33) )))) | N33: =IF(OR($C33="",$D33=""),0, IF(OR($A32="Holiday",$A33="Holiday"), IF(ISNUMBER(MATCH(TRIM($B33),{"Phagwah","Good Friday","Easter Monday","Labour Day","Christmas","Eid ul Azha","Romans-2","Globe-12","Neptune P1"},0)),0,$I33), IF(AND(NOT(OR($A32="Annual Leave",$A33="Annual Leave")),$A33="Off day"),$I33, MAX(0,$I33-$M33) ))) | O33: =IF(AND(OR($A32="Holiday",$A33="Holiday"), ISNUMBER(MATCH(TRIM($B33),{"Phagwah","Good Friday","Easter Monday","Labour Day","Christmas","Eid ul Azha","Romans-2","Globe-12","Neptune P1"},0))), $I33,0) | R33: =IF(OR($O$7="Canteen",$O$7="Head Office"),0,IF( AND( SUMIFS(I:I, C:C, C33) >= 8, COUNTIFS(C$14:C33, C33)=1, OR( TEXT(D33,"hh:mm:ss")="07:00:00", TEXT(D33,"hh:mm:ss")="15:00:00", TEXT(D33,"hh:mm:ss")="23:00:00", TEXT(D34,"hh:mm:ss")="07:00:00", TEXT(D34,"hh:mm:ss")="15:00:00", TEXT(D34,"hh:mm:ss")="23:00:00" ) ), 1, 0 )) | S33: =IF(OR($A32="Annual Leave",$A33="Annual Leave"),IF(AND($A32<>"Annual Leave",$A33="Annual Leave"),8,0),0)
A34: On Day | C34: =C32+1 | E34: =IF(D34=0, 0, IF(AND(D34>=TIME(0,0,1), D34<=TIME(2,0,0)), TIME(7,0,0), IF(AND(D34>=TIME(5,0,0), D34<=TIME(8,0,0)), TIME(12,0,0), IF(AND(D34>TIME(8,0,0), D34<=TIME(13,59,0)), TIME(15,0,0), IF(AND(D34>=TIME(14,0,0), D34<=TIME(17,59,0)), TIME(21,0,0), IF(AND(D34>=TIME(18,0,0), D34<=TIME(21,59,0)), TIME(0,0,0), IF(AND(D34>=TIME(22,0,0), D34<=TIME(23,59,59)), TIME(7,0,0), ""))))))) | G34: =E34 | I34: =ROUND(IF(OR(D34="",E34="",E34=0),0,IF(H34="",MOD(E34-D34,1)*24,MOD(H34-D34,1)*24)),2) | M34: =IF(OR($A34="Holiday",$A35="Holiday"),IF(OR($C34="",$D34=""),0, IF(OR($A34="Holiday",$A35="Holiday"),0, IF(AND(NOT(OR($A34="Annual Leave",$A35="Annual Leave")),$A34="Off day"),0, IF($I34+$I35>=8,IF($I34>=8,8,$I34),$I34) )))+IF(MOD(ROW(),2)=0,8,0),IF(OR($C34="",$D34=""),0, IF(OR($A34="Holiday",$A35="Holiday"),0, IF(AND(NOT(OR($A34="Annual Leave",$A35="Annual Leave")),$A34="Off day"),0, IF($I34+$I35>=8,IF($I34>=8,8,$I34),$I34) )))) | N34: =IF(OR($C34="",$D34=""),0, IF(OR($A34="Holiday",$A35="Holiday"), IF(ISNUMBER(MATCH(TRIM($B34),{"Phagwah","Good Friday","Easter Monday","Labour Day","Christmas","Eid ul Azha","Romans-2","Globe-12","Neptune P1"},0)),0,$I34), IF(AND(NOT(OR($A34="Annual Leave",$A35="Annual Leave")),$A34="Off day"),$I34, MAX(0,$I34-$M34) ))) | O34: =IF(AND(OR($A34="Holiday",$A35="Holiday"), ISNUMBER(MATCH(TRIM($B34),{"Phagwah","Good Friday","Easter Monday","Labour Day","Christmas","Eid ul Azha","Romans-2","Globe-12","Neptune P1"},0))), $I34,0) | R34: =IF(OR($O$7="Canteen",$O$7="Head Office"),0,IF( AND( SUMIFS(I:I, C:C, C34) >= 8, COUNTIFS(C$14:C34, C34)=1, OR( TEXT(D34,"hh:mm:ss")="07:00:00", TEXT(D34,"hh:mm:ss")="15:00:00", TEXT(D34,"hh:mm:ss")="23:00:00", TEXT(D35,"hh:mm:ss")="07:00:00", TEXT(D35,"hh:mm:ss")="15:00:00", TEXT(D35,"hh:mm:ss")="23:00:00" ) ), 1, 0 )) | S34: =IF(OR($A34="Annual Leave",$A35="Annual Leave"),IF($A34="Annual Leave",8,0),0)
A35: On Day | C35: =C34 | E35: =IF(D35=0, 0, IF(AND(D35>=TIME(0,0,1), D35<=TIME(2,0,0)), TIME(7,0,0), IF(AND(D35>=TIME(5,0,0), D35<=TIME(8,0,0)), TIME(12,0,0), IF(AND(D35>TIME(8,0,0), D35<=TIME(13,59,0)), TIME(15,0,0), IF(AND(D35>=TIME(14,0,0), D35<=TIME(17,59,0)), TIME(21,0,0), IF(AND(D35>=TIME(18,0,0), D35<=TIME(21,59,0)), TIME(0,0,0), IF(AND(D35>=TIME(22,0,0), D35<=TIME(23,59,59)), TIME(7,0,0), ""))))))) | G35: =E35 | I35: =ROUND(IF(OR(D35="",E35="",E35=0),0,IF(H35="",MOD(E35-D35,1)*24,MOD(H35-D35,1)*24)),2) | M35: =IF(OR($A35="Holiday",$A34="Holiday"),IF(OR($C35="",$D35=""),0, IF(OR($A34="Holiday",$A35="Holiday"),0, IF(AND(NOT(OR($A34="Annual Leave",$A35="Annual Leave")),$A35="Off day"),0, IF($I34+$I35>=8,IF($I34>=8,0,8-$I34),$I35) )))+IF(MOD(ROW(),2)=0,8,0),IF(OR($C35="",$D35=""),0, IF(OR($A34="Holiday",$A35="Holiday"),0, IF(AND(NOT(OR($A34="Annual Leave",$A35="Annual Leave")),$A35="Off day"),0, IF($I34+$I35>=8,IF($I34>=8,0,8-$I34),$I35) )))) | N35: =IF(OR($C35="",$D35=""),0, IF(OR($A34="Holiday",$A35="Holiday"), IF(ISNUMBER(MATCH(TRIM($B35),{"Phagwah","Good Friday","Easter Monday","Labour Day","Christmas","Eid ul Azha","Romans-2","Globe-12","Neptune P1"},0)),0,$I35), IF(AND(NOT(OR($A34="Annual Leave",$A35="Annual Leave")),$A35="Off day"),$I35, MAX(0,$I35-$M35) ))) | O35: =IF(AND(OR($A34="Holiday",$A35="Holiday"), ISNUMBER(MATCH(TRIM($B35),{"Phagwah","Good Friday","Easter Monday","Labour Day","Christmas","Eid ul Azha","Romans-2","Globe-12","Neptune P1"},0))), $I35,0) | R35: =IF(OR($O$7="Canteen",$O$7="Head Office"),0,IF( AND( SUMIFS(I:I, C:C, C35) >= 8, COUNTIFS(C$14:C35, C35)=1, OR( TEXT(D35,"hh:mm:ss")="07:00:00", TEXT(D35,"hh:mm:ss")="15:00:00", TEXT(D35,"hh:mm:ss")="23:00:00", TEXT(D36,"hh:mm:ss")="07:00:00", TEXT(D36,"hh:mm:ss")="15:00:00", TEXT(D36,"hh:mm:ss")="23:00:00" ) ), 1, 0 )) | S35: =IF(OR($A34="Annual Leave",$A35="Annual Leave"),IF(AND($A34<>"Annual Leave",$A35="Annual Leave"),8,0),0)
A36: On Day | C36: =C34+1 | E36: =IF(D36=0, 0, IF(AND(D36>=TIME(0,0,1), D36<=TIME(2,0,0)), TIME(7,0,0), IF(AND(D36>=TIME(5,0,0), D36<=TIME(8,0,0)), TIME(12,0,0), IF(AND(D36>TIME(8,0,0), D36<=TIME(13,59,0)), TIME(15,0,0), IF(AND(D36>=TIME(14,0,0), D36<=TIME(17,59,0)), TIME(21,0,0), IF(AND(D36>=TIME(18,0,0), D36<=TIME(21,59,0)), TIME(0,0,0), IF(AND(D36>=TIME(22,0,0), D36<=TIME(23,59,59)), TIME(7,0,0), ""))))))) | G36: =E36 | I36: =ROUND(IF(OR(D36="",E36="",E36=0),0,IF(H36="",MOD(E36-D36,1)*24,MOD(H36-D36,1)*24)),2) | M36: =IF(OR($A36="Holiday",$A37="Holiday"),IF(OR($C36="",$D36=""),0, IF(OR($A36="Holiday",$A37="Holiday"),0, IF(AND(NOT(OR($A36="Annual Leave",$A37="Annual Leave")),$A36="Off day"),0, IF($I36+$I37>=8,IF($I36>=8,8,$I36),$I36) )))+IF(MOD(ROW(),2)=0,8,0),IF(OR($C36="",$D36=""),0, IF(OR($A36="Holiday",$A37="Holiday"),0, IF(AND(NOT(OR($A36="Annual Leave",$A37="Annual Leave")),$A36="Off day"),0, IF($I36+$I37>=8,IF($I36>=8,8,$I36),$I36) )))) | N36: =IF(OR($C36="",$D36=""),0, IF(OR($A36="Holiday",$A37="Holiday"), IF(ISNUMBER(MATCH(TRIM($B36),{"Phagwah","Good Friday","Easter Monday","Labour Day","Christmas","Eid ul Azha","Romans-2","Globe-12","Neptune P1"},0)),0,$I36), IF(AND(NOT(OR($A36="Annual Leave",$A37="Annual Leave")),$A36="Off day"),$I36, MAX(0,$I36-$M36) ))) | O36: =IF(AND(OR($A36="Holiday",$A37="Holiday"), ISNUMBER(MATCH(TRIM($B36),{"Phagwah","Good Friday","Easter Monday","Labour Day","Christmas","Eid ul Azha","Romans-2","Globe-12","Neptune P1"},0))), $I36,0) | R36: =IF(OR($O$7="Canteen",$O$7="Head Office"),0,IF( AND( SUMIFS(I:I, C:C, C36) >= 8, COUNTIFS(C$14:C36, C36)=1, OR( TEXT(D36,"hh:mm:ss")="07:00:00", TEXT(D36,"hh:mm:ss")="15:00:00", TEXT(D36,"hh:mm:ss")="23:00:00", TEXT(D37,"hh:mm:ss")="07:00:00", TEXT(D37,"hh:mm:ss")="15:00:00", TEXT(D37,"hh:mm:ss")="23:00:00" ) ), 1, 0 )) | S36: =IF(OR($A36="Annual Leave",$A37="Annual Leave"),IF($A36="Annual Leave",8,0),0)
A37: On Day | C37: =C36 | E37: =IF(D37=0, 0, IF(AND(D37>=TIME(0,0,1), D37<=TIME(2,0,0)), TIME(7,0,0), IF(AND(D37>=TIME(5,0,0), D37<=TIME(8,0,0)), TIME(12,0,0), IF(AND(D37>TIME(8,0,0), D37<=TIME(13,59,0)), TIME(15,0,0), IF(AND(D37>=TIME(14,0,0), D37<=TIME(17,59,0)), TIME(21,0,0), IF(AND(D37>=TIME(18,0,0), D37<=TIME(21,59,0)), TIME(0,0,0), IF(AND(D37>=TIME(22,0,0), D37<=TIME(23,59,59)), TIME(7,0,0), ""))))))) | G37: =E37 | I37: =ROUND(IF(OR(D37="",E37="",E37=0),0,IF(H37="",MOD(E37-D37,1)*24,MOD(H37-D37,1)*24)),2) | M37: =IF(OR($A37="Holiday",$A36="Holiday"),IF(OR($C37="",$D37=""),0, IF(OR($A36="Holiday",$A37="Holiday"),0, IF(AND(NOT(OR($A36="Annual Leave",$A37="Annual Leave")),$A37="Off day"),0, IF($I36+$I37>=8,IF($I36>=8,0,8-$I36),$I37) )))+IF(MOD(ROW(),2)=0,8,0),IF(OR($C37="",$D37=""),0, IF(OR($A36="Holiday",$A37="Holiday"),0, IF(AND(NOT(OR($A36="Annual Leave",$A37="Annual Leave")),$A37="Off day"),0, IF($I36+$I37>=8,IF($I36>=8,0,8-$I36),$I37) )))) | N37: =IF(OR($C37="",$D37=""),0, IF(OR($A36="Holiday",$A37="Holiday"), IF(ISNUMBER(MATCH(TRIM($B37),{"Phagwah","Good Friday","Easter Monday","Labour Day","Christmas","Eid ul Azha","Romans-2","Globe-12","Neptune P1"},0)),0,$I37), IF(AND(NOT(OR($A36="Annual Leave",$A37="Annual Leave")),$A37="Off day"),$I37, MAX(0,$I37-$M37) ))) | O37: =IF(AND(OR($A36="Holiday",$A37="Holiday"), ISNUMBER(MATCH(TRIM($B37),{"Phagwah","Good Friday","Easter Monday","Labour Day","Christmas","Eid ul Azha","Romans-2","Globe-12","Neptune P1"},0))), $I37,0) | R37: =IF(OR($O$7="Canteen",$O$7="Head Office"),0,IF( AND( SUMIFS(I:I, C:C, C37) >= 8, COUNTIFS(C$14:C37, C37)=1, OR( TEXT(D37,"hh:mm:ss")="07:00:00", TEXT(D37,"hh:mm:ss")="15:00:00", TEXT(D37,"hh:mm:ss")="23:00:00", TEXT(D38,"hh:mm:ss")="07:00:00", TEXT(D38,"hh:mm:ss")="15:00:00", TEXT(D38,"hh:mm:ss")="23:00:00" ) ), 1, 0 )) | S37: =IF(OR($A36="Annual Leave",$A37="Annual Leave"),IF(AND($A36<>"Annual Leave",$A37="Annual Leave"),8,0),0)
A38: On Day | C38: =C36+1 | E38: =IF(D38=0, 0, IF(AND(D38>=TIME(0,0,1), D38<=TIME(2,0,0)), TIME(7,0,0), IF(AND(D38>=TIME(5,0,0), D38<=TIME(8,0,0)), TIME(12,0,0), IF(AND(D38>TIME(8,0,0), D38<=TIME(13,59,0)), TIME(15,0,0), IF(AND(D38>=TIME(14,0,0), D38<=TIME(17,59,0)), TIME(21,0,0), IF(AND(D38>=TIME(18,0,0), D38<=TIME(21,59,0)), TIME(0,0,0), IF(AND(D38>=TIME(22,0,0), D38<=TIME(23,59,59)), TIME(7,0,0), ""))))))) | G38: =E38 | I38: =ROUND(IF(OR(D38="",E38="",E38=0),0,IF(H38="",MOD(E38-D38,1)*24,MOD(H38-D38,1)*24)),2) | M38: =IF(OR($A38="Holiday",$A39="Holiday"),IF(OR($C38="",$D38=""),0, IF(OR($A38="Holiday",$A39="Holiday"),0, IF(AND(NOT(OR($A38="Annual Leave",$A39="Annual Leave")),$A38="Off day"),0, IF($I38+$I39>=8,IF($I38>=8,8,$I38),$I38) )))+IF(MOD(ROW(),2)=0,8,0),IF(OR($C38="",$D38=""),0, IF(OR($A38="Holiday",$A39="Holiday"),0, IF(AND(NOT(OR($A38="Annual Leave",$A39="Annual Leave")),$A38="Off day"),0, IF($I38+$I39>=8,IF($I38>=8,8,$I38),$I38) )))) | N38: =IF(OR($C38="",$D38=""),0, IF(OR($A38="Holiday",$A39="Holiday"), IF(ISNUMBER(MATCH(TRIM($B38),{"Phagwah","Good Friday","Easter Monday","Labour Day","Christmas","Eid ul Azha","Romans-2","Globe-12","Neptune P1"},0)),0,$I38), IF(AND(NOT(OR($A38="Annual Leave",$A39="Annual Leave")),$A38="Off day"),$I38, MAX(0,$I38-$M38) ))) | O38: =IF(AND(OR($A38="Holiday",$A39="Holiday"), ISNUMBER(MATCH(TRIM($B38),{"Phagwah","Good Friday","Easter Monday","Labour Day","Christmas","Eid ul Azha","Romans-2","Globe-12","Neptune P1"},0))), $I38,0) | R38: =IF(OR($O$7="Canteen",$O$7="Head Office"),0,IF( AND( SUMIFS(I:I, C:C, C38) >= 8, COUNTIFS(C$14:C38, C38)=1, OR( TEXT(D38,"hh:mm:ss")="07:00:00", TEXT(D38,"hh:mm:ss")="15:00:00", TEXT(D38,"hh:mm:ss")="23:00:00", TEXT(D39,"hh:mm:ss")="07:00:00", TEXT(D39,"hh:mm:ss")="15:00:00", TEXT(D39,"hh:mm:ss")="23:00:00" ) ), 1, 0 )) | S38: =IF(OR($A38="Annual Leave",$A39="Annual Leave"),IF($A38="Annual Leave",8,0),0)
A39: On Day | C39: =C38 | E39: =IF(D39=0, 0, IF(AND(D39>=TIME(0,0,1), D39<=TIME(2,0,0)), TIME(7,0,0), IF(AND(D39>=TIME(5,0,0), D39<=TIME(8,0,0)), TIME(12,0,0), IF(AND(D39>TIME(8,0,0), D39<=TIME(13,59,0)), TIME(15,0,0), IF(AND(D39>=TIME(14,0,0), D39<=TIME(17,59,0)), TIME(21,0,0), IF(AND(D39>=TIME(18,0,0), D39<=TIME(21,59,0)), TIME(0,0,0), IF(AND(D39>=TIME(22,0,0), D39<=TIME(23,59,59)), TIME(7,0,0), ""))))))) | G39: =E39 | I39: =ROUND(IF(OR(D39="",E39="",E39=0),0,IF(H39="",MOD(E39-D39,1)*24,MOD(H39-D39,1)*24)),2) | M39: =IF(OR($A39="Holiday",$A38="Holiday"),IF(OR($C39="",$D39=""),0, IF(OR($A38="Holiday",$A39="Holiday"),0, IF(AND(NOT(OR($A38="Annual Leave",$A39="Annual Leave")),$A39="Off day"),0, IF($I38+$I39>=8,IF($I38>=8,0,8-$I38),$I39) )))+IF(MOD(ROW(),2)=0,8,0),IF(OR($C39="",$D39=""),0, IF(OR($A38="Holiday",$A39="Holiday"),0, IF(AND(NOT(OR($A38="Annual Leave",$A39="Annual Leave")),$A39="Off day"),0, IF($I38+$I39>=8,IF($I38>=8,0,8-$I38),$I39) )))) | N39: =IF(OR($C39="",$D39=""),0, IF(OR($A38="Holiday",$A39="Holiday"), IF(ISNUMBER(MATCH(TRIM($B39),{"Phagwah","Good Friday","Easter Monday","Labour Day","Christmas","Eid ul Azha","Romans-2","Globe-12","Neptune P1"},0)),0,$I39), IF(AND(NOT(OR($A38="Annual Leave",$A39="Annual Leave")),$A39="Off day"),$I39, MAX(0,$I39-$M39) ))) | O39: =IF(AND(OR($A38="Holiday",$A39="Holiday"), ISNUMBER(MATCH(TRIM($B39),{"Phagwah","Good Friday","Easter Monday","Labour Day","Christmas","Eid ul Azha","Romans-2","Globe-12","Neptune P1"},0))), $I39,0) | R39: =IF(OR($O$7="Canteen",$O$7="Head Office"),0,IF( AND( SUMIFS(I:I, C:C, C39) >= 8, COUNTIFS(C$14:C39, C39)=1, OR( TEXT(D39,"hh:mm:ss")="07:00:00", TEXT(D39,"hh:mm:ss")="15:00:00", TEXT(D39,"hh:mm:ss")="23:00:00", TEXT(D40,"hh:mm:ss")="07:00:00", TEXT(D40,"hh:mm:ss")="15:00:00", TEXT(D40,"hh:mm:ss")="23:00:00" ) ), 1, 0 )) | S39: =IF(OR($A38="Annual Leave",$A39="Annual Leave"),IF(AND($A38<>"Annual Leave",$A39="Annual Leave"),8,0),0)
A40: On Day | C40: =C38+1 | E40: =IF(D40=0, 0, IF(AND(D40>=TIME(0,0,1), D40<=TIME(2,0,0)), TIME(7,0,0), IF(AND(D40>=TIME(5,0,0), D40<=TIME(8,0,0)), TIME(12,0,0), IF(AND(D40>TIME(8,0,0), D40<=TIME(13,59,0)), TIME(15,0,0), IF(AND(D40>=TIME(14,0,0), D40<=TIME(17,59,0)), TIME(21,0,0), IF(AND(D40>=TIME(18,0,0), D40<=TIME(21,59,0)), TIME(0,0,0), IF(AND(D40>=TIME(22,0,0), D40<=TIME(23,59,59)), TIME(7,0,0), ""))))))) | G40: =E40 | I40: =ROUND(IF(OR(D40="",E40="",E40=0),0,IF(H40="",MOD(E40-D40,1)*24,MOD(H40-D40,1)*24)),2) | M40: =IF(OR($A40="Holiday",$A41="Holiday"),IF(OR($C40="",$D40=""),0, IF(OR($A40="Holiday",$A41="Holiday"),0, IF(AND(NOT(OR($A40="Annual Leave",$A41="Annual Leave")),$A40="Off day"),0, IF($I40+$I41>=8,IF($I40>=8,8,$I40),$I40) )))+IF(MOD(ROW(),2)=0,8,0),IF(OR($C40="",$D40=""),0, IF(OR($A40="Holiday",$A41="Holiday"),0, IF(AND(NOT(OR($A40="Annual Leave",$A41="Annual Leave")),$A40="Off day"),0, IF($I40+$I41>=8,IF($I40>=8,8,$I40),$I40) )))) | N40: =IF(OR($C40="",$D40=""),0, IF(OR($A40="Holiday",$A41="Holiday"), IF(ISNUMBER(MATCH(TRIM($B40),{"Phagwah","Good Friday","Easter Monday","Labour Day","Christmas","Eid ul Azha","Romans-2","Globe-12","Neptune P1"},0)),0,$I40), IF(AND(NOT(OR($A40="Annual Leave",$A41="Annual Leave")),$A40="Off day"),$I40, MAX(0,$I40-$M40) ))) | O40: =IF(AND(OR($A40="Holiday",$A41="Holiday"), ISNUMBER(MATCH(TRIM($B40),{"Phagwah","Good Friday","Easter Monday","Labour Day","Christmas","Eid ul Azha","Romans-2","Globe-12","Neptune P1"},0))), $I40,0) | R40: =IF(OR($O$7="Canteen",$O$7="Head Office"),0,IF( AND( SUMIFS(I:I, C:C, C40) >= 8, COUNTIFS(C$14:C40, C40)=1, OR( TEXT(D40,"hh:mm:ss")="07:00:00", TEXT(D40,"hh:mm:ss")="15:00:00", TEXT(D40,"hh:mm:ss")="23:00:00", TEXT(D41,"hh:mm:ss")="07:00:00", TEXT(D41,"hh:mm:ss")="15:00:00", TEXT(D41,"hh:mm:ss")="23:00:00" ) ), 1, 0 )) | S40: =IF(OR($A40="Annual Leave",$A41="Annual Leave"),IF($A40="Annual Leave",8,0),0)
A41: On Day | C41: =C40 | E41: =IF(D41=0, 0, IF(AND(D41>=TIME(0,0,1), D41<=TIME(2,0,0)), TIME(7,0,0), IF(AND(D41>=TIME(5,0,0), D41<=TIME(8,0,0)), TIME(12,0,0), IF(AND(D41>TIME(8,0,0), D41<=TIME(13,59,0)), TIME(15,0,0), IF(AND(D41>=TIME(14,0,0), D41<=TIME(17,59,0)), TIME(21,0,0), IF(AND(D41>=TIME(18,0,0), D41<=TIME(21,59,0)), TIME(0,0,0), IF(AND(D41>=TIME(22,0,0), D41<=TIME(23,59,59)), TIME(7,0,0), ""))))))) | G41: =E41 | I41: =ROUND(IF(OR(D41="",E41="",E41=0),0,IF(H41="",MOD(E41-D41,1)*24,MOD(H41-D41,1)*24)),2) | M41: =IF(OR($A41="Holiday",$A40="Holiday"),IF(OR($C41="",$D41=""),0, IF(OR($A40="Holiday",$A41="Holiday"),0, IF(AND(NOT(OR($A40="Annual Leave",$A41="Annual Leave")),$A41="Off day"),0, IF($I40+$I41>=8,IF($I40>=8,0,8-$I40),$I41) )))+IF(MOD(ROW(),2)=0,8,0),IF(OR($C41="",$D41=""),0, IF(OR($A40="Holiday",$A41="Holiday"),0, IF(AND(NOT(OR($A40="Annual Leave",$A41="Annual Leave")),$A41="Off day"),0, IF($I40+$I41>=8,IF($I40>=8,0,8-$I40),$I41) )))) | N41: =IF(OR($C41="",$D41=""),0, IF(OR($A40="Holiday",$A41="Holiday"), IF(ISNUMBER(MATCH(TRIM($B41),{"Phagwah","Good Friday","Easter Monday","Labour Day","Christmas","Eid ul Azha","Romans-2","Globe-12","Neptune P1"},0)),0,$I41), IF(AND(NOT(OR($A40="Annual Leave",$A41="Annual Leave")),$A41="Off day"),$I41, MAX(0,$I41-$M41) ))) | O41: =IF(AND(OR($A40="Holiday",$A41="Holiday"), ISNUMBER(MATCH(TRIM($B41),{"Phagwah","Good Friday","Easter Monday","Labour Day","Christmas","Eid ul Azha","Romans-2","Globe-12","Neptune P1"},0))), $I41,0) | R41: =IF(OR($O$7="Canteen",$O$7="Head Office"),0,IF( AND( SUMIFS(I:I, C:C, C41) >= 8, COUNTIFS(C$14:C41, C41)=1, OR( TEXT(D41,"hh:mm:ss")="07:00:00", TEXT(D41,"hh:mm:ss")="15:00:00", TEXT(D41,"hh:mm:ss")="23:00:00", TEXT(D42,"hh:mm:ss")="07:00:00", TEXT(D42,"hh:mm:ss")="15:00:00", TEXT(D42,"hh:mm:ss")="23:00:00" ) ), 1, 0 )) | S41: =IF(OR($A40="Annual Leave",$A41="Annual Leave"),IF(AND($A40<>"Annual Leave",$A41="Annual Leave"),8,0),0)
A42: On Day | C42: =C40+1 | E42: =IF(D42=0, 0, IF(AND(D42>=TIME(0,0,1), D42<=TIME(2,0,0)), TIME(7,0,0), IF(AND(D42>=TIME(5,0,0), D42<=TIME(8,0,0)), TIME(12,0,0), IF(AND(D42>TIME(8,0,0), D42<=TIME(13,59,0)), TIME(15,0,0), IF(AND(D42>=TIME(14,0,0), D42<=TIME(17,59,0)), TIME(21,0,0), IF(AND(D42>=TIME(18,0,0), D42<=TIME(21,59,0)), TIME(0,0,0), IF(AND(D42>=TIME(22,0,0), D42<=TIME(23,59,59)), TIME(7,0,0), ""))))))) | G42: =E42 | I42: =ROUND(IF(OR(D42="",E42="",E42=0),0,IF(H42="",MOD(E42-D42,1)*24,MOD(H42-D42,1)*24)),2) | M42: =IF(OR($A42="Holiday",$A43="Holiday"),IF(OR($C42="",$D42=""),0, IF(OR($A42="Holiday",$A43="Holiday"),0, IF(AND(NOT(OR($A42="Annual Leave",$A43="Annual Leave")),$A42="Off day"),0, IF($I42+$I43>=8,IF($I42>=8,8,$I42),$I42) )))+IF(MOD(ROW(),2)=0,8,0),IF(OR($C42="",$D42=""),0, IF(OR($A42="Holiday",$A43="Holiday"),0, IF(AND(NOT(OR($A42="Annual Leave",$A43="Annual Leave")),$A42="Off day"),0, IF($I42+$I43>=8,IF($I42>=8,8,$I42),$I42) )))) | N42: =IF(OR($C42="",$D42=""),0, IF(OR($A42="Holiday",$A43="Holiday"), IF(ISNUMBER(MATCH(TRIM($B42),{"Phagwah","Good Friday","Easter Monday","Labour Day","Christmas","Eid ul Azha","Romans-2","Globe-12","Neptune P1"},0)),0,$I42), IF(AND(NOT(OR($A42="Annual Leave",$A43="Annual Leave")),$A42="Off day"),$I42, MAX(0,$I42-$M42) ))) | O42: =IF(AND(OR($A42="Holiday",$A43="Holiday"), ISNUMBER(MATCH(TRIM($B42),{"Phagwah","Good Friday","Easter Monday","Labour Day","Christmas","Eid ul Azha","Romans-2","Globe-12","Neptune P1"},0))), $I42,0) | R42: =IF(OR($O$7="Canteen",$O$7="Head Office"),0,IF( AND( SUMIFS(I:I, C:C, C42) >= 8, COUNTIFS(C$14:C42, C42)=1, OR( TEXT(D42,"hh:mm:ss")="07:00:00", TEXT(D42,"hh:mm:ss")="15:00:00", TEXT(D42,"hh:mm:ss")="23:00:00", TEXT(D43,"hh:mm:ss")="07:00:00", TEXT(D43,"hh:mm:ss")="15:00:00", TEXT(D43,"hh:mm:ss")="23:00:00" ) ), 1, 0 )) | S42: =IF(OR($A42="Annual Leave",$A43="Annual Leave"),IF($A42="Annual Leave",8,0),0)
A43: On Day | C43: =C42 | E43: =IF(D43=0, 0, IF(AND(D43>=TIME(0,0,1), D43<=TIME(2,0,0)), TIME(7,0,0), IF(AND(D43>=TIME(5,0,0), D43<=TIME(8,0,0)), TIME(12,0,0), IF(AND(D43>TIME(8,0,0), D43<=TIME(13,59,0)), TIME(15,0,0), IF(AND(D43>=TIME(14,0,0), D43<=TIME(17,59,0)), TIME(21,0,0), IF(AND(D43>=TIME(18,0,0), D43<=TIME(21,59,0)), TIME(0,0,0), IF(AND(D43>=TIME(22,0,0), D43<=TIME(23,59,59)), TIME(7,0,0), ""))))))) | G43: =E43 | I43: =ROUND(IF(OR(D43="",E43="",E43=0),0,IF(H43="",MOD(E43-D43,1)*24,MOD(H43-D43,1)*24)),2) | M43: =IF(OR($A43="Holiday",$A42="Holiday"),IF(OR($C43="",$D43=""),0, IF(OR($A42="Holiday",$A43="Holiday"),0, IF(AND(NOT(OR($A42="Annual Leave",$A43="Annual Leave")),$A43="Off day"),0, IF($I42+$I43>=8,IF($I42>=8,0,8-$I42),$I43) )))+IF(MOD(ROW(),2)=0,8,0),IF(OR($C43="",$D43=""),0, IF(OR($A42="Holiday",$A43="Holiday"),0, IF(AND(NOT(OR($A42="Annual Leave",$A43="Annual Leave")),$A43="Off day"),0, IF($I42+$I43>=8,IF($I42>=8,0,8-$I42),$I43) )))) | N43: =IF(OR($C43="",$D43=""),0, IF(OR($A42="Holiday",$A43="Holiday"), IF(ISNUMBER(MATCH(TRIM($B43),{"Phagwah","Good Friday","Easter Monday","Labour Day","Christmas","Eid ul Azha","Romans-2","Globe-12","Neptune P1"},0)),0,$I43), IF(AND(NOT(OR($A42="Annual Leave",$A43="Annual Leave")),$A43="Off day"),$I43, MAX(0,$I43-$M43) ))) | O43: =IF(AND(OR($A42="Holiday",$A43="Holiday"), ISNUMBER(MATCH(TRIM($B43),{"Phagwah","Good Friday","Easter Monday","Labour Day","Christmas","Eid ul Azha","Romans-2","Globe-12","Neptune P1"},0))), $I43,0) | R43: =IF(OR($O$7="Canteen",$O$7="Head Office"),0,IF( AND( SUMIFS(I:I, C:C, C43) >= 8, COUNTIFS(C$14:C43, C43)=1, OR( TEXT(D43,"hh:mm:ss")="07:00:00", TEXT(D43,"hh:mm:ss")="15:00:00", TEXT(D43,"hh:mm:ss")="23:00:00", TEXT(D49,"hh:mm:ss")="07:00:00", TEXT(D49,"hh:mm:ss")="15:00:00", TEXT(D49,"hh:mm:ss")="23:00:00" ) ), 1, 0 )) | S43: =IF(OR($A42="Annual Leave",$A43="Annual Leave"),IF(AND($A42<>"Annual Leave",$A43="Annual Leave"),8,0),0)
M44: =IF(OR($A44="Holiday",$A45="Holiday"),IF(OR($C44="",$D44=""),0, IF(OR($A44="Holiday",$A45="Holiday"),0, IF(AND(NOT(OR($A44="Annual Leave",$A45="Annual Leave")),$A44="Off day"),0, IF($I44+$I45>=8,IF($I44>=8,8,$I44),$I44) )))+IF(MOD(ROW(),2)=0,8,0),IF(OR($C44="",$D44=""),0, IF(OR($A44="Holiday",$A45="Holiday"),0, IF(AND(NOT(OR($A44="Annual Leave",$A45="Annual Leave")),$A44="Off day"),0, IF($I44+$I45>=8,IF($I44>=8,8,$I44),$I44) )))) | N44: =IF(OR($C44="",$D44=""),0, IF(OR($A44="Holiday",$A45="Holiday"), IF(ISNUMBER(MATCH(TRIM($B44),{"Phagwah","Good Friday","Easter Monday","Labour Day","Christmas","Eid ul Azha","Romans-2","Globe-12","Neptune P1"},0)),0,$I44), IF(AND(NOT(OR($A44="Annual Leave",$A45="Annual Leave")),$A44="Off day"),$I44, MAX(0,$I44-$M44) ))) | O44: =IF(AND(OR($A44="Holiday",$A45="Holiday"), ISNUMBER(MATCH(TRIM($B44),{"Phagwah","Good Friday","Easter Monday","Labour Day","Christmas","Eid ul Azha","Romans-2","Globe-12","Neptune P1"},0))), $I44,0) | S44: =IF(OR($A44="Annual Leave",$A45="Annual Leave"),IF($A44="Annual Leave",8,0),0)
A45: On Day | C45: =C42+1 | E45: =IF(D45=0, 0, IF(AND(D45>=TIME(0,0,1), D45<=TIME(2,0,0)), TIME(7,0,0), IF(AND(D45>=TIME(5,0,0), D45<=TIME(8,0,0)), TIME(12,0,0), IF(AND(D45>TIME(8,0,0), D45<=TIME(13,59,0)), TIME(15,0,0), IF(AND(D45>=TIME(14,0,0), D45<=TIME(17,59,0)), TIME(21,0,0), IF(AND(D45>=TIME(18,0,0), D45<=TIME(21,59,0)), TIME(0,0,0), IF(AND(D45>=TIME(22,0,0), D45<=TIME(23,59,59)), TIME(7,0,0), ""))))))) | G45: =E45 | I45: =ROUND(IF(OR(D45="",E45="",E45=0),0,IF(H45="",MOD(E45-D45,1)*24,MOD(H45-D45,1)*24)),2) | M45: =IF(OR($A45="Holiday",$A44="Holiday"),IF(OR($C45="",$D45=""),0, IF(OR($A44="Holiday",$A45="Holiday"),0, IF(AND(NOT(OR($A44="Annual Leave",$A45="Annual Leave")),$A45="Off day"),0, IF($I44+$I45>=8,IF($I44>=8,0,8-$I44),$I45) )))+IF(MOD(ROW(),2)=0,8,0),IF(OR($C45="",$D45=""),0, IF(OR($A44="Holiday",$A45="Holiday"),0, IF(AND(NOT(OR($A44="Annual Leave",$A45="Annual Leave")),$A45="Off day"),0, IF($I44+$I45>=8,IF($I44>=8,0,8-$I44),$I45) )))) | N45: =IF(OR($C45="",$D45=""),0, IF(OR($A44="Holiday",$A45="Holiday"), IF(ISNUMBER(MATCH(TRIM($B45),{"Phagwah","Good Friday","Easter Monday","Labour Day","Christmas","Eid ul Azha","Romans-2","Globe-12","Neptune P1"},0)),0,$I45), IF(AND(NOT(OR($A44="Annual Leave",$A45="Annual Leave")),$A45="Off day"),$I45, MAX(0,$I45-$M45) ))) | O45: =IF(AND(OR($A44="Holiday",$A45="Holiday"), ISNUMBER(MATCH(TRIM($B45),{"Phagwah","Good Friday","Easter Monday","Labour Day","Christmas","Eid ul Azha","Romans-2","Globe-12","Neptune P1"},0))), $I45,0) | R45: =IF(OR($O$7="Canteen",$O$7="Head Office"),0,IF( AND( SUMIFS(I:I, C:C, C45) >= 8, COUNTIFS(C$14:C45, C45)=1, OR( TEXT(D45,"hh:mm:ss")="07:00:00", TEXT(D45,"hh:mm:ss")="15:00:00", TEXT(D45,"hh:mm:ss")="23:00:00", TEXT(D46,"hh:mm:ss")="07:00:00", TEXT(D46,"hh:mm:ss")="15:00:00", TEXT(D46,"hh:mm:ss")="23:00:00" ) ), 1, 0 )) | S45: =IF(OR($A44="Annual Leave",$A45="Annual Leave"),IF(AND($A44<>"Annual Leave",$A45="Annual Leave"),8,0),0)
A46: On Day | C46: =C45 | E46: =IF(D46=0, 0, IF(AND(D46>=TIME(0,0,1), D46<=TIME(2,0,0)), TIME(7,0,0), IF(AND(D46>=TIME(5,0,0), D46<=TIME(8,0,0)), TIME(12,0,0), IF(AND(D46>TIME(8,0,0), D46<=TIME(13,59,0)), TIME(15,0,0), IF(AND(D46>=TIME(14,0,0), D46<=TIME(17,59,0)), TIME(21,0,0), IF(AND(D46>=TIME(18,0,0), D46<=TIME(21,59,0)), TIME(0,0,0), IF(AND(D46>=TIME(22,0,0), D46<=TIME(23,59,59)), TIME(7,0,0), ""))))))) | G46: =E46 | I46: =ROUND(IF(OR(D46="",E46="",E46=0),0,IF(H46="",MOD(E46-D46,1)*24,MOD(H46-D46,1)*24)),2) | M46: =IF(OR($A46="Holiday",$A47="Holiday"),IF(OR($C46="",$D46=""),0, IF(OR($A46="Holiday",$A47="Holiday"),0, IF(AND(NOT(OR($A46="Annual Leave",$A47="Annual Leave")),$A46="Off day"),0, IF($I46+$I47>=8,IF($I46>=8,8,$I46),$I46) )))+IF(MOD(ROW(),2)=0,8,0),IF(OR($C46="",$D46=""),0, IF(OR($A46="Holiday",$A47="Holiday"),0, IF(AND(NOT(OR($A46="Annual Leave",$A47="Annual Leave")),$A46="Off day"),0, IF($I46+$I47>=8,IF($I46>=8,8,$I46),$I46) )))) | N46: =IF(OR($C46="",$D46=""),0, IF(OR($A46="Holiday",$A47="Holiday"), IF(ISNUMBER(MATCH(TRIM($B46),{"Phagwah","Good Friday","Easter Monday","Labour Day","Christmas","Eid ul Azha","Romans-2","Globe-12","Neptune P1"},0)),0,$I46), IF(AND(NOT(OR($A46="Annual Leave",$A47="Annual Leave")),$A46="Off day"),$I46, MAX(0,$I46-$M46) ))) | O46: =IF(AND(OR($A46="Holiday",$A47="Holiday"), ISNUMBER(MATCH(TRIM($B46),{"Phagwah","Good Friday","Easter Monday","Labour Day","Christmas","Eid ul Azha","Romans-2","Globe-12","Neptune P1"},0))), $I46,0) | R46: =IF(OR($O$7="Canteen",$O$7="Head Office"),0,IF( AND( SUMIFS(I:I, C:C, C46) >= 8, COUNTIFS(C$14:C46, C46)=1, OR( TEXT(D46,"hh:mm:ss")="07:00:00", TEXT(D46,"hh:mm:ss")="15:00:00", TEXT(D46,"hh:mm:ss")="23:00:00", TEXT(D51,"hh:mm:ss")="07:00:00", TEXT(D51,"hh:mm:ss")="15:00:00", TEXT(D51,"hh:mm:ss")="23:00:00" ) ), 1, 0 )) | S46: =IF(OR($A46="Annual Leave",$A47="Annual Leave"),IF($A46="Annual Leave",8,0),0)
A47: On Day | C47: =C45+1 | E47: =IF(D47=0, 0, IF(AND(D47>=TIME(0,0,1), D47<=TIME(2,0,0)), TIME(7,0,0), IF(AND(D47>=TIME(5,0,0), D47<=TIME(8,0,0)), TIME(12,0,0), IF(AND(D47>TIME(8,0,0), D47<=TIME(13,59,0)), TIME(15,0,0), IF(AND(D47>=TIME(14,0,0), D47<=TIME(17,59,0)), TIME(21,0,0), IF(AND(D47>=TIME(18,0,0), D47<=TIME(21,59,0)), TIME(0,0,0), IF(AND(D47>=TIME(22,0,0), D47<=TIME(23,59,59)), TIME(7,0,0), ""))))))) | G47: =E47 | I47: =ROUND(IF(OR(D47="",E47="",E47=0),0,IF(H47="",MOD(E47-D47,1)*24,MOD(H47-D47,1)*24)),2) | M47: =IF(OR($A47="Holiday",$A46="Holiday"),IF(OR($C47="",$D47=""),0, IF(OR($A46="Holiday",$A47="Holiday"),0, IF(AND(NOT(OR($A46="Annual Leave",$A47="Annual Leave")),$A47="Off day"),0, IF($I46+$I47>=8,IF($I46>=8,0,8-$I46),$I47) )))+IF(MOD(ROW(),2)=0,8,0),IF(OR($C47="",$D47=""),0, IF(OR($A46="Holiday",$A47="Holiday"),0, IF(AND(NOT(OR($A46="Annual Leave",$A47="Annual Leave")),$A47="Off day"),0, IF($I46+$I47>=8,IF($I46>=8,0,8-$I46),$I47) )))) | N47: =IF(OR($C47="",$D47=""),0, IF(OR($A46="Holiday",$A47="Holiday"), IF(ISNUMBER(MATCH(TRIM($B47),{"Phagwah","Good Friday","Easter Monday","Labour Day","Christmas","Eid ul Azha","Romans-2","Globe-12","Neptune P1"},0)),0,$I47), IF(AND(NOT(OR($A46="Annual Leave",$A47="Annual Leave")),$A47="Off day"),$I47, MAX(0,$I47-$M47) ))) | O47: =IF(AND(OR($A46="Holiday",$A47="Holiday"), ISNUMBER(MATCH(TRIM($B47),{"Phagwah","Good Friday","Easter Monday","Labour Day","Christmas","Eid ul Azha","Romans-2","Globe-12","Neptune P1"},0))), $I47,0) | R47: =IF(OR($O$7="Canteen",$O$7="Head Office"),0,IF( AND( SUMIFS(I:I, C:C, C47) >= 8, COUNTIFS(C$14:C47, C47)=1, OR( TEXT(D47,"hh:mm:ss")="07:00:00", TEXT(D47,"hh:mm:ss")="15:00:00", TEXT(D47,"hh:mm:ss")="23:00:00", TEXT(D48,"hh:mm:ss")="07:00:00", TEXT(D48,"hh:mm:ss")="15:00:00", TEXT(D48,"hh:mm:ss")="23:00:00" ) ), 1, 0 )) | S47: =IF(OR($A46="Annual Leave",$A47="Annual Leave"),IF(AND($A46<>"Annual Leave",$A47="Annual Leave"),8,0),0)
A48: On Day | C48: =C47 | E48: =IF(D48=0, 0, IF(AND(D48>=TIME(0,0,1), D48<=TIME(2,0,0)), TIME(7,0,0), IF(AND(D48>=TIME(5,0,0), D48<=TIME(8,0,0)), TIME(12,0,0), IF(AND(D48>TIME(8,0,0), D48<=TIME(13,59,0)), TIME(15,0,0), IF(AND(D48>=TIME(14,0,0), D48<=TIME(17,59,0)), TIME(21,0,0), IF(AND(D48>=TIME(18,0,0), D48<=TIME(21,59,0)), TIME(0,0,0), IF(AND(D48>=TIME(22,0,0), D48<=TIME(23,59,59)), TIME(7,0,0), ""))))))) | G48: =E48 | I48: =ROUND(IF(OR(D48="",E48="",E48=0),0,IF(H48="",MOD(E48-D48,1)*24,MOD(H48-D48,1)*24)),2) | M48: =IF(OR($A48="Holiday",$A49="Holiday"),IF(OR($C48="",$D48=""),0, IF(OR($A48="Holiday",$A49="Holiday"),0, IF(AND(NOT(OR($A48="Annual Leave",$A49="Annual Leave")),$A48="Off day"),0, IF($I48+$I49>=8,IF($I48>=8,8,$I48),$I48) )))+IF(MOD(ROW(),2)=0,8,0),IF(OR($C48="",$D48=""),0, IF(OR($A48="Holiday",$A49="Holiday"),0, IF(AND(NOT(OR($A48="Annual Leave",$A49="Annual Leave")),$A48="Off day"),0, IF($I48+$I49>=8,IF($I48>=8,8,$I48),$I48) )))) | N48: =IF(OR($C48="",$D48=""),0, IF(OR($A48="Holiday",$A49="Holiday"), IF(ISNUMBER(MATCH(TRIM($B48),{"Phagwah","Good Friday","Easter Monday","Labour Day","Christmas","Eid ul Azha","Romans-2","Globe-12","Neptune P1"},0)),0,$I48), IF(AND(NOT(OR($A48="Annual Leave",$A49="Annual Leave")),$A48="Off day"),$I48, MAX(0,$I48-$M48) ))) | R48: =IF(OR($O$7="Canteen",$O$7="Head Office"),0,IF( AND( SUMIFS(I:I, C:C, C48) >= 8, COUNTIFS(C$14:C48, C48)=1, OR( TEXT(D48,"hh:mm:ss")="07:00:00", TEXT(D48,"hh:mm:ss")="15:00:00", TEXT(D48,"hh:mm:ss")="23:00:00", TEXT(D53,"hh:mm:ss")="07:00:00", TEXT(D53,"hh:mm:ss")="15:00:00", TEXT(D53,"hh:mm:ss")="23:00:00" ) ), 1, 0 ))
H49: Total Hrs: | I49: =SUM(I14:I48) | M49: =SUM(M14:M48) | N49: =SUM(N14:N48) | O49: =SUM(O14:O48) | P49: =SUM(P14:P48) | Q49: =IF($O$6<>"Armed",0,LOOKUP($Q$50,{0,1,2,3,4,5,6,7,8,9,10,11,12,13,14},{0,384,769,1153,1153,1538,1923,2307,2692,3076,3461,3846,4239,4615,5000})) | R49: =SUM(R14:R48) | S49: =SUM(S14:S48) | T49: =SUM(T30:T43)
P50: Days Worked | Q50: =SUM(--(SUM(I14:I15)>0),--(SUM(I16:I17)>0),--(SUM(I18:I19)>0),--(SUM(I20:I21)>0),--(SUM(I22:I23)>0),--(SUM(I24:I25)>0),--(SUM(I26:I27)>0),--(SUM(I30:I31)>0),--(SUM(I32:I33)>0),--(SUM(I34:I35)>0),--(SUM(I36:I37)>0),--(SUM(I38:I39)>0),--(SUM(I40:I41)>0),--(SUM(I42:I43)>0),--(SUM(I45:I46)>0),--(SUM(I47:I48)>0))
C52: Supervisor Signature | F52: Date
C54: Manager Signature | F54: Date | I54: {42}

Sheet Daniels, John Llewellyn
V2: 2025 | Z2: Month: | AA2: 3
V3: =DATE(V2,AA2,1)
C4: Federal Manangement Systems | K4: Employee Number: | M4: 4777 | V4: Su | W4: M | X4: Tu | Y4: W | Z4: Th | AA4: F | AB4: Sa | AD4: Overtime Options
K5: Employee Name: | M5: Daniels, John Llewellyn | V5: =IF(MONTH($V$3)<>MONTH($V$3-WEEKDAY($V$3,1)+(ROW(V5)-ROW($V$5))*7+(COLUMN(V5)-COLUMN($V$5)+1)),"",$V$3-WEEKDAY($V$3,1)+(ROW(V5)-ROW($V$5))*7+(COLUMN(V5)-COLUMN($V$5)+1)) | W5: =IF(MONTH($V$3)<>MONTH($V$3-WEEKDAY($V$3,1)+(ROW(W5)-ROW($V$5))*7+(COLUMN(W5)-COLUMN($V$5)+1)),"",$V$3-WEEKDAY($V$3,1)+(ROW(W5)-ROW($V$5))*7+(COLUMN(W5)-COLUMN($V$5)+1)) | X5: =IF(MONTH($V$3)<>MONTH($V$3-WEEKDAY($V$3,1)+(ROW(X5)-ROW($V$5))*7+(COLUMN(X5)-COLUMN($V$5)+1)),"",$V$3-WEEKDAY($V$3,1)+(ROW(X5)-ROW($V$5))*7+(COLUMN(X5)-COLUMN($V$5)+1)) | Y5: =IF(MONTH($V$3)<>MONTH($V$3-WEEKDAY($V$3,1)+(ROW(Y5)-ROW($V$5))*7+(COLUMN(Y5)-COLUMN($V$5)+1)),"",$V$3-WEEKDAY($V$3,1)+(ROW(Y5)-ROW($V$5))*7+(COLUMN(Y5)-COLUMN($V$5)+1)) | Z5: =IF(MONTH($V$3)<>MONTH($V$3-WEEKDAY($V$3,1)+(ROW(Z5)-ROW($V$5))*7+(COLUMN(Z5)-COLUMN($V$5)+1)),"",$V$3-WEEKDAY($V$3,1)+(ROW(Z5)-ROW($V$5))*7+(COLUMN(Z5)-COLUMN($V$5)+1)) | AA5: =IF(MONTH($V$3)<>MONTH($V$3-WEEKDAY($V$3,1)+(ROW(AA5)-ROW($V$5))*7+(COLUMN(AA5)-COLUMN($V$5)+1)),"",$V$3-WEEKDAY($V$3,1)+(ROW(AA5)-ROW($V$5))*7+(COLUMN(AA5)-COLUMN($V$5)+1)) | AB5: =IF(MONTH($V$3)<>MONTH($V$3-WEEKDAY($V$3,1)+(ROW(AB5)-ROW($V$5))*7+(COLUMN(AB5)-COLUMN($V$5)+1)),"",$V$3-WEEKDAY($V$3,1)+(ROW(AB5)-ROW($V$5))*7+(COLUMN(AB5)-COLUMN($V$5)+1)) | AE5: TRUE
C6: 120 Peter Rose St | M6: Armed or unarmed | O6: Unarmed | V6: =IF(MONTH($V$3)<>MONTH($V$3-WEEKDAY($V$3,1)+(ROW(V6)-ROW($V$5))*7+(COLUMN(V6)-COLUMN($V$5)+1)),"",$V$3-WEEKDAY($V$3,1)+(ROW(V6)-ROW($V$5))*7+(COLUMN(V6)-COLUMN($V$5)+1)) | W6: =IF(MONTH($V$3)<>MONTH($V$3-WEEKDAY($V$3,1)+(ROW(W6)-ROW($V$5))*7+(COLUMN(W6)-COLUMN($V$5)+1)),"",$V$3-WEEKDAY($V$3,1)+(ROW(W6)-ROW($V$5))*7+(COLUMN(W6)-COLUMN($V$5)+1)) | X6: =IF(MONTH($V$3)<>MONTH($V$3-WEEKDAY($V$3,1)+(ROW(X6)-ROW($V$5))*7+(COLUMN(X6)-COLUMN($V$5)+1)),"",$V$3-WEEKDAY($V$3,1)+(ROW(X6)-ROW($V$5))*7+(COLUMN(X6)-COLUMN($V$5)+1)) | Y6: =IF(MONTH($V$3)<>MONTH($V$3-WEEKDAY($V$3,1)+(ROW(Y6)-ROW($V$5))*7+(COLUMN(Y6)-COLUMN($V$5)+1)),"",$V$3-WEEKDAY($V$3,1)+(ROW(Y6)-ROW($V$5))*7+(COLUMN(Y6)-COLUMN($V$5)+1)) | Z6: =IF(MONTH($V$3)<>MONTH($V$3-WEEKDAY($V$3,1)+(ROW(Z6)-ROW($V$5))*7+(COLUMN(Z6)-COLUMN($V$5)+1)),"",$V$3-WEEKDAY($V$3,1)+(ROW(Z6)-ROW($V$5))*7+(COLUMN(Z6)-COLUMN($V$5)+1)) | AA6: =IF(MONTH($V$3)<>MONTH($V$3-WEEKDAY($V$3,1)+(ROW(AA6)-ROW($V$5))*7+(COLUMN(AA6)-COLUMN($V$5)+1)),"",$V$3-WEEKDAY($V$3,1)+(ROW(AA6)-ROW($V$5))*7+(COLUMN(AA6)-COLUMN($V$5)+1)) | AB6: =IF(MONTH($V$3)<>MONTH($V$3-WEEKDAY($V$3,1)+(ROW(AB6)-ROW($V$5))*7+(COLUMN(AB6)-COLUMN($V$5)+1)),"",$V$3-WEEKDAY($V$3,1)+(ROW(AB6)-ROW($V$5))*7+(COLUMN(AB6)-COLUMN($V$5)+1)) | AD6: After: | AE6: 8
C7: Queenstown | M7: Agency | O7: Caricom | V7: =IF(MONTH($V$3)<>MONTH($V$3-WEEKDAY($V$3,1)+(ROW(V7)-ROW($V$5))*7+(COLUMN(V7)-COLUMN($V$5)+1)),"",$V$3-WEEKDAY($V$3,1)+(ROW(V7)-ROW($V$5))*7+(COLUMN(V7)-COLUMN($V$5)+1)) | W7: =IF(MONTH($V$3)<>MONTH($V$3-WEEKDAY($V$3,1)+(ROW(W7)-ROW($V$5))*7+(COLUMN(W7)-COLUMN($V$5)+1)),"",$V$3-WEEKDAY($V$3,1)+(ROW(W7)-ROW($V$5))*7+(COLUMN(W7)-COLUMN($V$5)+1)) | X7: =IF(MONTH($V$3)<>MONTH($V$3-WEEKDAY($V$3,1)+(ROW(X7)-ROW($V$5))*7+(COLUMN(X7)-COLUMN($V$5)+1)),"",$V$3-WEEKDAY($V$3,1)+(ROW(X7)-ROW($V$5))*7+(COLUMN(X7)-COLUMN($V$5)+1)) | Y7: =IF(MONTH($V$3)<>MONTH($V$3-WEEKDAY($V$3,1)+(ROW(Y7)-ROW($V$5))*7+(COLUMN(Y7)-COLUMN($V$5)+1)),"",$V$3-WEEKDAY($V$3,1)+(ROW(Y7)-ROW($V$5))*7+(COLUMN(Y7)-COLUMN($V$5)+1)) | Z7: =IF(MONTH($V$3)<>MONTH($V$3-WEEKDAY($V$3,1)+(ROW(Z7)-ROW($V$5))*7+(COLUMN(Z7)-COLUMN($V$5)+1)),"",$V$3-WEEKDAY($V$3,1)+(ROW(Z7)-ROW($V$5))*7+(COLUMN(Z7)-COLUMN($V$5)+1)) | AA7: =IF(MONTH($V$3)<>MONTH($V$3-WEEKDAY($V$3,1)+(ROW(AA7)-ROW($V$5))*7+(COLUMN(AA7)-COLUMN($V$5)+1)),"",$V$3-WEEKDAY($V$3,1)+(ROW(AA7)-ROW($V$5))*7+(COLUMN(AA7)-COLUMN($V$5)+1)) | AB7: =IF(MONTH($V$3)<>MONTH($V$3-WEEKDAY($V$3,1)+(ROW(AB7)-ROW($V$5))*7+(COLUMN(AB7)-COLUMN($V$5)+1)),"",$V$3-WEEKDAY($V$3,1)+(ROW(AB7)-ROW($V$5))*7+(COLUMN(AB7)-COLUMN($V$5)+1))
C8: Georgetown, Guyana | V8: =IF(MONTH($V$3)<>MONTH($V$3-WEEKDAY($V$3,1)+(ROW(V8)-ROW($V$5))*7+(COLUMN(V8)-COLUMN($V$5)+1)),"",$V$3-WEEKDAY($V$3,1)+(ROW(V8)-ROW($V$5))*7+(COLUMN(V8)-COLUMN($V$5)+1)) | W8: =IF(MONTH($V$3)<>MONTH($V$3-WEEKDAY($V$3,1)+(ROW(W8)-ROW($V$5))*7+(COLUMN(W8)-COLUMN($V$5)+1)),"",$V$3-WEEKDAY($V$3,1)+(ROW(W8)-ROW($V$5))*7+(COLUMN(W8)-COLUMN($V$5)+1)) | X8: =IF(MONTH($V$3)<>MONTH($V$3-WEEKDAY($V$3,1)+(ROW(X8)-ROW($V$5))*7+(COLUMN(X8)-COLUMN($V$5)+1)),"",$V$3-WEEKDAY($V$3,1)+(ROW(X8)-ROW($V$5))*7+(COLUMN(X8)-COLUMN($V$5)+1)) | Y8: =IF(MONTH($V$3)<>MONTH($V$3-WEEKDAY($V$3,1)+(ROW(Y8)-ROW($V$5))*7+(COLUMN(Y8)-COLUMN($V$5)+1)),"",$V$3-WEEKDAY($V$3,1)+(ROW(Y8)-ROW($V$5))*7+(COLUMN(Y8)-COLUMN($V$5)+1)) | Z8: =IF(MONTH($V$3)<>MONTH($V$3-WEEKDAY($V$3,1)+(ROW(Z8)-ROW($V$5))*7+(COLUMN(Z8)-COLUMN($V$5)+1)),"",$V$3-WEEKDAY($V$3,1)+(ROW(Z8)-ROW($V$5))*7+(COLUMN(Z8)-COLUMN($V$5)+1)) | AA8: =IF(MONTH($V$3)<>MONTH($V$3-WEEKDAY($V$3,1)+(ROW(AA8)-ROW($V$5))*7+(COLUMN(AA8)-COLUMN($V$5)+1)),"",$V$3-WEEKDAY($V$3,1)+(ROW(AA8)-ROW($V$5))*7+(COLUMN(AA8)-COLUMN($V$5)+1)) | AB8: =IF(MONTH($V$3)<>MONTH($V$3-WEEKDAY($V$3,1)+(ROW(AB8)-ROW($V$5))*7+(COLUMN(AB8)-COLUMN($V$5)+1)),"",$V$3-WEEKDAY($V$3,1)+(ROW(AB8)-ROW($V$5))*7+(COLUMN(AB8)-COLUMN($V$5)+1)) | AE8: TRUE
C10: 592-223-7560 | K10: Week Starting: | M10: 45977 | T10: [42] | V10: =IF(MONTH($V$3)<>MONTH($V$3-WEEKDAY($V$3,1)+(ROW(V10)-ROW($V$5))*7+(COLUMN(V10)-COLUMN($V$5)+1)),"",$V$3-WEEKDAY($V$3,1)+(ROW(V10)-ROW($V$5))*7+(COLUMN(V10)-COLUMN($V$5)+1)) | W10: =IF(MONTH($V$3)<>MONTH($V$3-WEEKDAY($V$3,1)+(ROW(W10)-ROW($V$5))*7+(COLUMN(W10)-COLUMN($V$5)+1)),"",$V$3-WEEKDAY($V$3,1)+(ROW(W10)-ROW($V$5))*7+(COLUMN(W10)-COLUMN($V$5)+1)) | X10: =IF(MONTH($V$3)<>MONTH($V$3-WEEKDAY($V$3,1)+(ROW(X10)-ROW($V$5))*7+(COLUMN(X10)-COLUMN($V$5)+1)),"",$V$3-WEEKDAY($V$3,1)+(ROW(X10)-ROW($V$5))*7+(COLUMN(X10)-COLUMN($V$5)+1)) | Y10: =IF(MONTH($V$3)<>MONTH($V$3-WEEKDAY($V$3,1)+(ROW(Y10)-ROW($V$5))*7+(COLUMN(Y10)-COLUMN($V$5)+1)),"",$V$3-WEEKDAY($V$3,1)+(ROW(Y10)-ROW($V$5))*7+(COLUMN(Y10)-COLUMN($V$5)+1)) | Z10: =IF(MONTH($V$3)<>MONTH($V$3-WEEKDAY($V$3,1)+(ROW(Z10)-ROW($V$5))*7+(COLUMN(Z10)-COLUMN($V$5)+1)),"",$V$3-WEEKDAY($V$3,1)+(ROW(Z10)-ROW($V$5))*7+(COLUMN(Z10)-COLUMN($V$5)+1)) | AA10: =IF(MONTH($V$3)<>MONTH($V$3-WEEKDAY($V$3,1)+(ROW(AA10)-ROW($V$5))*7+(COLUMN(AA10)-COLUMN($V$5)+1)),"",$V$3-WEEKDAY($V$3,1)+(ROW(AA10)-ROW($V$5))*7+(COLUMN(AA10)-COLUMN($V$5)+1)) | AB10: =IF(MONTH($V$3)<>MONTH($V$3-WEEKDAY($V$3,1)+(ROW(AB10)-ROW($V$5))*7+(COLUMN(AB10)-COLUMN($V$5)+1)),"",$V$3-WEEKDAY($V$3,1)+(ROW(AB10)-ROW($V$5))*7+(COLUMN(AB10)-COLUMN($V$5)+1)) | AD10: After: | AE10: 40
K11: Carry Forward Hrs: | L11: 0 | V11: =IF(MONTH($V$3)<>MONTH($V$3-WEEKDAY($V$3,1)+(ROW(V11)-ROW($V$5))*7+(COLUMN(V11)-COLUMN($V$5)+1)),"",$V$3-WEEKDAY($V$3,1)+(ROW(V11)-ROW($V$5))*7+(COLUMN(V11)-COLUMN($V$5)+1)) | W11: =IF(MONTH($V$3)<>MONTH($V$3-WEEKDAY($V$3,1)+(ROW(W11)-ROW($V$5))*7+(COLUMN(W11)-COLUMN($V$5)+1)),"",$V$3-WEEKDAY($V$3,1)+(ROW(W11)-ROW($V$5))*7+(COLUMN(W11)-COLUMN($V$5)+1)) | X11: =IF(MONTH($V$3)<>MONTH($V$3-WEEKDAY($V$3,1)+(ROW(X11)-ROW($V$5))*7+(COLUMN(X11)-COLUMN($V$5)+1)),"",$V$3-WEEKDAY($V$3,1)+(ROW(X11)-ROW($V$5))*7+(COLUMN(X11)-COLUMN($V$5)+1)) | Y11: =IF(MONTH($V$3)<>MONTH($V$3-WEEKDAY($V$3,1)+(ROW(Y11)-ROW($V$5))*7+(COLUMN(Y11)-COLUMN($V$5)+1)),"",$V$3-WEEKDAY($V$3,1)+(ROW(Y11)-ROW($V$5))*7+(COLUMN(Y11)-COLUMN($V$5)+1)) | Z11: =IF(MONTH($V$3)<>MONTH($V$3-WEEKDAY($V$3,1)+(ROW(Z11)-ROW($V$5))*7+(COLUMN(Z11)-COLUMN($V$5)+1)),"",$V$3-WEEKDAY($V$3,1)+(ROW(Z11)-ROW($V$5))*7+(COLUMN(Z11)-COLUMN($V$5)+1)) | AA11: =IF(MONTH($V$3)<>MONTH($V$3-WEEKDAY($V$3,1)+(ROW(AA11)-ROW($V$5))*7+(COLUMN(AA11)-COLUMN($V$5)+1)),"",$V$3-WEEKDAY($V$3,1)+(ROW(AA11)-ROW($V$5))*7+(COLUMN(AA11)-COLUMN($V$5)+1)) | AB11: =IF(MONTH($V$3)<>MONTH($V$3-WEEKDAY($V$3,1)+(ROW(AB11)-ROW($V$5))*7+(COLUMN(AB11)-COLUMN($V$5)+1)),"",$V$3-WEEKDAY($V$3,1)+(ROW(AB11)-ROW($V$5))*7+(COLUMN(AB11)-COLUMN($V$5)+1))
A12: Day Off | B12: Holiday Double | C12: Day of Week | D12: Time In | E12: Time Out | G12: Time In | H12: Time Out | I12: Total Hrs | J12: Location | K12: Supervisor | L12: Supervisor Approval | M12: Regular Hrs | N12: Overtime Hrs | O12: Hol Hrs | P12: Responsibilities | Q12: Risk | R12: Meals | S12: Vac Hrs | T12: Reason for Overtime | U12: Wkly Reg Avail | V12: Orig Reg | W12: Wkly OT Adj | X12: Week Start | Y12: Wk Hrs Before
A14: On Day | C14: =M10 | E14: =IF(D14="", "", IF(D14=TIME(0,0,0), 0, IF(AND(D14>=TIME(0,0,1), D14<=TIME(2,0,0)), TIME(7,0,0), IF(AND(D14>=TIME(5,0,0), D14<=TIME(8,0,0)), TIME(12,0,0), IF(AND(D14>TIME(8,0,0), D14<=TIME(13,59,0)), TIME(15,0,0), IF(AND(D14>=TIME(14,0,0), D14<=TIME(17,59,0)), TIME(21,0,0), IF(AND(D14>=TIME(18,0,0), D14<=TIME(21,59,0)), TIME(0,0,0), IF(AND(D14>=TIME(22,0,0), D14<=TIME(23,59,59)), TIME(7,0,0), "")))))))) | G14: =E14 | I14: =ROUND(IF(OR(D14="",E14="",E14=0),0,IF(H14="",MOD(E14-D14,1)*24,MOD(H14-D14,1)*24)),2) | M14: =MAX(0,V14-W14) | N14: =(IF(OR($C14="",$D14=""),0, IF(OR($A14="Holiday",$A15="Holiday"), IF(ISNUMBER(MATCH(TRIM($B14),{"Phagwah","Good Friday","Easter Monday","Labour Day","Christmas","Eid ul Azha","Romans-2","Globe-12","Neptune P1"},0)),0,$I14), IF(AND(NOT(OR($A14="Annual Leave",$A15="Annual Leave")),$A14="Off day"),$I14, MAX(0,$I14-$V14) ))))+W14 | O14: =IF(AND(OR($A14="Holiday",$A15="Holiday"), ISNUMBER(MATCH(TRIM($B14),{"Phagwah","Good Friday","Easter Monday","Labour Day","Christmas","Eid ul Azha","Romans-2","Globe-12","Neptune P1"},0))), $I14,0) | P14: =IF(OR($O$7="Canteen",$O$7="Head Office"),0,IF($I14<=0,0,IF(OR(OR(TRIM($J14)="Hebrews",TRIM($J14)="Romans",TRIM($J14)="Romans-2",TRIM($J14)="Globe",TRIM($J14)="Globe-12",TRIM($J14)="Neptune P1"),AND($I15>0,OR(TRIM($J15)="Hebrews",TRIM($J15)="Romans",TRIM($J15)="Romans-2",TRIM($J15)="Globe",TRIM($J15)="Globe-12",TRIM($J15)="Neptune P1"))),1,0))) | R14: =IF(OR($O$7="Canteen",$O$7="Head Office"),0,IF(OR($I14>0,$I15>0), IF( OR( AND($D14>=TIME(5,0,0),$D14<=TIME(7,0,0)), AND($D14>=TIME(14,0,0),$D14<=TIME(15,0,0)), AND($D14>=TIME(18,0,0),$D14<=TIME(19,0,0)), AND($D15>=TIME(5,0,0),$D15<=TIME(7,0,0)), AND($D15>=TIME(14,0,0),$D15<=TIME(15,0,0)), AND($D15>=TIME(18,0,0),$D15<=TIME(19,0,0)) ), IF($I14>0,1,0), 0 ), 0)) | S14: =IF(OR($A14="Annual Leave",$A15="Annual Leave"),IF($A14="Annual Leave",8,0),0) | U14: =MAX(0,40-Y14) | V14: =IF(OR($A14="Holiday",$A15="Holiday"),IF(OR($C14="",$D14=""),0, IF(OR($A14="Holiday",$A15="Holiday"),0, IF(AND(NOT(OR($A14="Annual Leave",$A15="Annual Leave")),$A14="Off day"),0, IF($I14+$I15>=8,IF($I14>=8,8,$I14),$I14) )))+IF(MOD(ROW(),2)=0,8,0),IF(OR($C14="",$D14=""),0, IF(OR($A14="Holiday",$A15="Holiday"),0, IF(AND(NOT(OR($A14="Annual Leave",$A15="Annual Leave")),$A14="Off day"),0, IF($I14+$I15>=8,IF($I14>=8,8,$I14),$I14) )))) | W14: =MAX(0,V14-U14) | X14: =IF(C14="","",C14-WEEKDAY(C14,1)+1) | Y14: =IF(X14=X14,$L$11,0)
A15: On Day | C15: =C14 | E15: =IF(D15="", "", IF(D15=TIME(0,0,0), 0, IF(AND(D15>=TIME(0,0,1), D15<=TIME(2,0,0)), TIME(7,0,0), IF(AND(D15>=TIME(5,0,0), D15<=TIME(8,0,0)), TIME(12,0,0), IF(AND(D15>TIME(8,0,0), D15<=TIME(13,59,0)), TIME(15,0,0), IF(AND(D15>=TIME(14,0,0), D15<=TIME(17,59,0)), TIME(21,0,0), IF(AND(D15>=TIME(18,0,0), D15<=TIME(21,59,0)), TIME(0,0,0), IF(AND(D15>=TIME(22,0,0), D15<=TIME(23,59,59)), TIME(7,0,0), "")))))))) | G15: =E15 | I15: =ROUND(IF(OR(D15="",E15="",E15=0),0,IF(H15="",MOD(E15-D15,1)*24,MOD(H15-D15,1)*24)),2) | M15: =MAX(0,V15-W15) | N15: =(IF(OR($C15="",$D15=""),0, IF(OR($A14="Holiday",$A15="Holiday"), IF(ISNUMBER(MATCH(TRIM($B15),{"Phagwah","Good Friday","Easter Monday","Labour Day","Christmas","Eid ul Azha","Romans-2","Globe-12","Neptune P1"},0)),0,$I15), IF(AND(NOT(OR($A14="Annual Leave",$A15="Annual Leave")),$A15="Off day"),$I15, MAX(0,$I15-$V15) ))))+W15 | O15: =IF(AND(OR($A14="Holiday",$A15="Holiday"), ISNUMBER(MATCH(TRIM($B15),{"Phagwah","Good Friday","Easter Monday","Labour Day","Christmas","Eid ul Azha","Romans-2","Globe-12","Neptune P1"},0))), $I15,0) | P15: =IF(OR($O$7="Canteen",$O$7="Head Office"),0,IF($I15<=0,0,IF(AND($I14<=0,OR(TRIM($J15)="Hebrews",TRIM($J15)="Romans",TRIM($J15)="Romans-2",TRIM($J15)="Globe",TRIM($J15)="Globe-12",TRIM($J15)="Neptune P1")),1,0))) | R15: =IF(OR($O$7="Canteen",$O$7="Head Office"),0,IF(OR($I14>0,$I15>0), IF( OR( AND($D14>=TIME(5,0,0),$D14<=TIME(7,0,0)), AND($D14>=TIME(14,0,0),$D14<=TIME(15,0,0)), AND($D14>=TIME(18,0,0),$D14<=TIME(19,0,0)), AND($D15>=TIME(5,0,0),$D15<=TIME(7,0,0)), AND($D15>=TIME(14,0,0),$D15<=TIME(15,0,0)), AND($D15>=TIME(18,0,0),$D15<=TIME(19,0,0)) ), IF(AND($I14=0,$I15>0),1,0), 0 ), 0)) | S15: =IF(OR($A14="Annual Leave",$A15="Annual Leave"),IF(AND($A14<>"Annual Leave",$A15="Annual Leave"),8,0),0) | U15: =MAX(0,40-Y15) | V15: =IF(OR($A15="Holiday",$A14="Holiday"),IF(OR($C15="",$D15=""),0, IF(OR($A14="Holiday",$A15="Holiday"),0, IF(AND(NOT(OR($A14="Annual Leave",$A15="Annual Leave")),$A15="Off day"),0, IF($I14+$I15>=8,IF($I14>=8,0,8-$I14),$I15) )))+IF(MOD(ROW(),2)=0,8,0),IF(OR($C15="",$D15=""),0, IF(OR($A14="Holiday",$A15="Holiday"),0, IF(AND(NOT(OR($A14="Annual Leave",$A15="Annual Leave")),$A15="Off day"),0, IF($I14+$I15>=8,IF($I14>=8,0,8-$I14),$I15) )))) | W15: =MAX(0,V15-U15) | X15: =IF(C15="","",C15-WEEKDAY(C15,1)+1) | Y15: =SUMPRODUCT(($X$14:$X14=X15)*(($V$14:$V14)+($O$14:$O14)))+IF(X15=X14,$L$11,0)
A16: On Day | C16: =C14+1 | E16: =IF(D16="", "", IF(D16=TIME(0,0,0), 0, IF(AND(D16>=TIME(0,0,1), D16<=TIME(2,0,0)), TIME(7,0,0), IF(AND(D16>=TIME(5,0,0), D16<=TIME(8,0,0)), TIME(12,0,0), IF(AND(D16>TIME(8,0,0), D16<=TIME(13,59,0)), TIME(15,0,0), IF(AND(D16>=TIME(14,0,0), D16<=TIME(17,59,0)), TIME(21,0,0), IF(AND(D16>=TIME(18,0,0), D16<=TIME(21,59,0)), TIME(0,0,0), IF(AND(D16>=TIME(22,0,0), D16<=TIME(23,59,59)), TIME(7,0,0), "")))))))) | G16: =E16 | I16: =ROUND(IF(OR(D16="",E16="",E16=0),0,IF(H16="",MOD(E16-D16,1)*24,MOD(H16-D16,1)*24)),2) | M16: =MAX(0,V16-W16) | N16: =(IF(OR($C16="",$D16=""),0, IF(OR($A16="Holiday",$A17="Holiday"), IF(ISNUMBER(MATCH(TRIM($B16),{"Phagwah","Good Friday","Easter Monday","Labour Day","Christmas","Eid ul Azha","Romans-2","Globe-12","Neptune P1"},0)),0,$I16), IF(AND(NOT(OR($A16="Annual Leave",$A17="Annual Leave")),$A16="Off day"),$I16, MAX(0,$I16-$V16) ))))+W16 | O16: =IF(AND(OR($A16="Holiday",$A17="Holiday"), ISNUMBER(MATCH(TRIM($B16),{"Phagwah","Good Friday","Easter Monday","Labour Day","Christmas","Eid ul Azha","Romans-2","Globe-12","Neptune P1"},0))), $I16,0) | P16: =IF(OR($O$7="Canteen",$O$7="Head Office"),0,IF($I16<=0,0,IF(OR(OR(TRIM($J16)="Hebrews",TRIM($J16)="Romans",TRIM($J16)="Romans-2",TRIM($J16)="Globe",TRIM($J16)="Globe-12",TRIM($J16)="Neptune P1"),AND($I17>0,OR(TRIM($J17)="Hebrews",TRIM($J17)="Romans",TRIM($J17)="Romans-2",TRIM($J17)="Globe",TRIM($J17)="Globe-12",TRIM($J17)="Neptune P1"))),1,0))) | R16: =IF(OR($O$7="Canteen",$O$7="Head Office"),0,IF(OR($I16>0,$I17>0), IF( OR( AND($D16>=TIME(5,0,0),$D16<=TIME(7,0,0)), AND($D16>=TIME(14,0,0),$D16<=TIME(15,0,0)), AND($D16>=TIME(18,0,0),$D16<=TIME(19,0,0)), AND($D17>=TIME(5,0,0),$D17<=TIME(7,0,0)), AND($D17>=TIME(14,0,0),$D17<=TIME(15,0,0)), AND($D17>=TIME(18,0,0),$D17<=TIME(19,0,0)) ), IF($I16>0,1,0), 0 ), 0)) | S16: =IF(OR($A16="Annual Leave",$A17="Annual Leave"),IF($A16="Annual Leave",8,0),0) | U16: =MAX(0,40-Y16) | V16: =IF(OR($A16="Holiday",$A17="Holiday"),IF(OR($C16="",$D16=""),0, IF(OR($A16="Holiday",$A17="Holiday"),0, IF(AND(NOT(OR($A16="Annual Leave",$A17="Annual Leave")),$A16="Off day"),0, IF($I16+$I17>=8,IF($I16>=8,8,$I16),$I16) )))+IF(MOD(ROW(),2)=0,8,0),IF(OR($C16="",$D16=""),0, IF(OR($A16="Holiday",$A17="Holiday"),0, IF(AND(NOT(OR($A16="Annual Leave",$A17="Annual Leave")),$A16="Off day"),0, IF($I16+$I17>=8,IF($I16>=8,8,$I16),$I16) )))) | W16: =MAX(0,V16-U16) | X16: =IF(C16="","",C16-WEEKDAY(C16,1)+1) | Y16: =SUMPRODUCT(($X$14:$X15=X16)*(($V$14:$V15)+($O$14:$O15)))+IF(X16=X14,$L$11,0)
A17: On Day | C17: =C16 | E17: =IF(D17="", "", IF(D17=TIME(0,0,0), 0, IF(AND(D17>=TIME(0,0,1), D17<=TIME(2,0,0)), TIME(7,0,0), IF(AND(D17>=TIME(5,0,0), D17<=TIME(8,0,0)), TIME(12,0,0), IF(AND(D17>TIME(8,0,0), D17<=TIME(13,59,0)), TIME(15,0,0), IF(AND(D17>=TIME(14,0,0), D17<=TIME(17,59,0)), TIME(21,0,0), IF(AND(D17>=TIME(18,0,0), D17<=TIME(21,59,0)), TIME(0,0,0), IF(AND(D17>=TIME(22,0,0), D17<=TIME(23,59,59)), TIME(7,0,0), "")))))))) | G17: =E17 | I17: =ROUND(IF(OR(D17="",E17="",E17=0),0,IF(H17="",MOD(E17-D17,1)*24,MOD(H17-D17,1)*24)),2) | M17: =MAX(0,V17-W17) | N17: =(IF(OR($C17="",$D17=""),0, IF(OR($A16="Holiday",$A17="Holiday"), IF(ISNUMBER(MATCH(TRIM($B17),{"Phagwah","Good Friday","Easter Monday","Labour Day","Christmas","Eid ul Azha","Romans-2","Globe-12","Neptune P1"},0)),0,$I17), IF(AND(NOT(OR($A16="Annual Leave",$A17="Annual Leave")),$A17="Off day"),$I17, MAX(0,$I17-$V17) ))))+W17 | O17: =IF(AND(OR($A16="Holiday",$A17="Holiday"), ISNUMBER(MATCH(TRIM($B17),{"Phagwah","Good Friday","Easter Monday","Labour Day","Christmas","Eid ul Azha","Romans-2","Globe-12","Neptune P1"},0))), $I17,0) | P17: =IF(OR($O$7="Canteen",$O$7="Head Office"),0,IF($I17<=0,0,IF(AND($I16<=0,OR(TRIM($J17)="Hebrews",TRIM($J17)="Romans",TRIM($J17)="Romans-2",TRIM($J17)="Globe",TRIM($J17)="Globe-12",TRIM($J17)="Neptune P1")),1,0))) | R17: =IF(OR($O$7="Canteen",$O$7="Head Office"),0,IF(OR($I16>0,$I17>0), IF( OR( AND($D16>=TIME(5,0,0),$D16<=TIME(7,0,0)), AND($D16>=TIME(14,0,0),$D16<=TIME(15,0,0)), AND($D16>=TIME(18,0,0),$D16<=TIME(19,0,0)), AND($D17>=TIME(5,0,0),$D17<=TIME(7,0,0)), AND($D17>=TIME(14,0,0),$D17<=TIME(15,0,0)), AND($D17>=TIME(18,0,0),$D17<=TIME(19,0,0)) ), IF(AND($I16=0,$I17>0),1,0), 0 ), 0)) | S17: =IF(OR($A16="Annual Leave",$A17="Annual Leave"),IF(AND($A16<>"Annual Leave",$A17="Annual Leave"),8,0),0) | U17: =MAX(0,40-Y17) | V17: =IF(OR($A17="Holiday",$A16="Holiday"),IF(OR($C17="",$D17=""),0, IF(OR($A16="Holiday",$A17="Holiday"),0, IF(AND(NOT(OR($A16="Annual Leave",$A17="Annual Leave")),$A17="Off day"),0, IF($I16+$I17>=8,IF($I16>=8,0,8-$I16),$I17) )))+IF(MOD(ROW(),2)=0,8,0),IF(OR($C17="",$D17=""),0, IF(OR($A16="Holiday",$A17="Holiday"),0, IF(AND(NOT(OR($A16="Annual Leave",$A17="Annual Leave")),$A17="Off day"),0, IF($I16+$I17>=8,IF($I16>=8,0,8-$I16),$I17) )))) | W17: =MAX(0,V17-U17) | X17: =IF(C17="","",C17-WEEKDAY(C17,1)+1) | Y17: =SUMPRODUCT(($X$14:$X16=X17)*(($V$14:$V16)+($O$14:$O16)))+IF(X17=X14,$L$11,0)
A18: On Day | C18: =C16+1 | E18: =IF(D18="", "", IF(D18=TIME(0,0,0), 0, IF(AND(D18>=TIME(0,0,1), D18<=TIME(2,0,0)), TIME(7,0,0), IF(AND(D18>=TIME(5,0,0), D18<=TIME(8,0,0)), TIME(12,0,0), IF(AND(D18>TIME(8,0,0), D18<=TIME(13,59,0)), TIME(15,0,0), IF(AND(D18>=TIME(14,0,0), D18<=TIME(17,59,0)), TIME(21,0,0), IF(AND(D18>=TIME(18,0,0), D18<=TIME(21,59,0)), TIME(0,0,0), IF(AND(D18>=TIME(22,0,0), D18<=TIME(23,59,59)), TIME(7,0,0), "")))))))) | G18: =E18 | I18: =ROUND(IF(OR(D18="",E18="",E18=0),0,IF(H18="",MOD(E18-D18,1)*24,MOD(H18-D18,1)*24)),2) | M18: =MAX(0,V18-W18) | N18: =(IF(OR($C18="",$D18=""),0, IF(OR($A18="Holiday",$A19="Holiday"), IF(ISNUMBER(MATCH(TRIM($B18),{"Phagwah","Good Friday","Easter Monday","Labour Day","Christmas","Eid ul Azha","Romans-2","Globe-12","Neptune P1"},0)),0,$I18), IF(AND(NOT(OR($A18="Annual Leave",$A19="Annual Leave")),$A18="Off day"),$I18, MAX(0,$I18-$V18) ))))+W18 | O18: =IF(AND(OR($A18="Holiday",$A19="Holiday"), ISNUMBER(MATCH(TRIM($B18),{"Phagwah","Good Friday","Easter Monday","Labour Day","Christmas","Eid ul Azha","Romans-2","Globe-12","Neptune P1"},0))), $I18,0) | P18: =IF(OR($O$7="Canteen",$O$7="Head Office"),0,IF($I18<=0,0,IF(OR(OR(TRIM($J18)="Hebrews",TRIM($J18)="Romans",TRIM($J18)="Romans-2",TRIM($J18)="Globe",TRIM($J18)="Globe-12",TRIM($J18)="Neptune P1"),AND($I19>0,OR(TRIM($J19)="Hebrews",TRIM($J19)="Romans",TRIM($J19)="Romans-2",TRIM($J19)="Globe",TRIM($J19)="Globe-12",TRIM($J19)="Neptune P1"))),1,0))) | R18: =IF(OR($O$7="Canteen",$O$7="Head Office"),0,IF(OR($I18>0,$I19>0), IF( OR( AND($D18>=TIME(5,0,0),$D18<=TIME(7,0,0)), AND($D18>=TIME(14,0,0),$D18<=TIME(15,0,0)), AND($D18>=TIME(18,0,0),$D18<=TIME(19,0,0)), AND($D19>=TIME(5,0,0),$D19<=TIME(7,0,0)), AND($D19>=TIME(14,0,0),$D19<=TIME(15,0,0)), AND($D19>=TIME(18,0,0),$D19<=TIME(19,0,0)) ), IF($I18>0,1,0), 0 ), 0)) | S18: =IF(OR($A18="Annual Leave",$A19="Annual Leave"),IF($A18="Annual Leave",8,0),0) | U18: =MAX(0,40-Y18) | V18: =IF(OR($A18="Holiday",$A19="Holiday"),IF(OR($C18="",$D18=""),0, IF(OR($A18="Holiday",$A19="Holiday"),0, IF(AND(NOT(OR($A18="Annual Leave",$A19="Annual Leave")),$A18="Off day"),0, IF($I18+$I19>=8,IF($I18>=8,8,$I18),$I18) )))+IF(MOD(ROW(),2)=0,8,0),IF(OR($C18="",$D18=""),0, IF(OR($A18="Holiday",$A19="Holiday"),0, IF(AND(NOT(OR($A18="Annual Leave",$A19="Annual Leave")),$A18="Off day"),0, IF($I18+$I19>=8,IF($I18>=8,8,$I18),$I18) )))) | W18: =MAX(0,V18-U18) | X18: =IF(C18="","",C18-WEEKDAY(C18,1)+1) | Y18: =SUMPRODUCT(($X$14:$X17=X18)*(($V$14:$V17)+($O$14:$O17)))+IF(X18=X14,$L$11,0)
A19: On Day | C19: =C18 | E19: =IF(D19="", "", IF(D19=TIME(0,0,0), 0, IF(AND(D19>=TIME(0,0,1), D19<=TIME(2,0,0)), TIME(7,0,0), IF(AND(D19>=TIME(5,0,0), D19<=TIME(8,0,0)), TIME(12,0,0), IF(AND(D19>TIME(8,0,0), D19<=TIME(13,59,0)), TIME(15,0,0), IF(AND(D19>=TIME(14,0,0), D19<=TIME(17,59,0)), TIME(21,0,0), IF(AND(D19>=TIME(18,0,0), D19<=TIME(21,59,0)), TIME(0,0,0), IF(AND(D19>=TIME(22,0,0), D19<=TIME(23,59,59)), TIME(7,0,0), "")))))))) | G19: =E19 | I19: =ROUND(IF(OR(D19="",E19="",E19=0),0,IF(H19="",MOD(E19-D19,1)*24,MOD(H19-D19,1)*24)),2) | M19: =MAX(0,V19-W19) | N19: =(IF(OR($C19="",$D19=""),0, IF(OR($A18="Holiday",$A19="Holiday"), IF(ISNUMBER(MATCH(TRIM($B19),{"Phagwah","Good Friday","Easter Monday","Labour Day","Christmas","Eid ul Azha","Romans-2","Globe-12","Neptune P1"},0)),0,$I19), IF(AND(NOT(OR($A18="Annual Leave",$A19="Annual Leave")),$A19="Off day"),$I19, MAX(0,$I19-$V19) ))))+W19 | O19: =IF(AND(OR($A18="Holiday",$A19="Holiday"), ISNUMBER(MATCH(TRIM($B19),{"Phagwah","Good Friday","Easter Monday","Labour Day","Christmas","Eid ul Azha","Romans-2","Globe-12","Neptune P1"},0))), $I19,0) | P19: =IF(OR($O$7="Canteen",$O$7="Head Office"),0,IF($I19<=0,0,IF(AND($I18<=0,OR(TRIM($J19)="Hebrews",TRIM($J19)="Romans",TRIM($J19)="Romans-2",TRIM($J19)="Globe",TRIM($J19)="Globe-12",TRIM($J19)="Neptune P1")),1,0))) | R19: =IF(OR($O$7="Canteen",$O$7="Head Office"),0,IF(OR($I18>0,$I19>0), IF( OR( AND($D18>=TIME(5,0,0),$D18<=TIME(7,0,0)), AND($D18>=TIME(14,0,0),$D18<=TIME(15,0,0)), AND($D18>=TIME(18,0,0),$D18<=TIME(19,0,0)), AND($D19>=TIME(5,0,0),$D19<=TIME(7,0,0)), AND($D19>=TIME(14,0,0),$D19<=TIME(15,0,0)), AND($D19>=TIME(18,0,0),$D19<=TIME(19,0,0)) ), IF(AND($I18=0,$I19>0),1,0), 0 ), 0)) | S19: =IF(OR($A18="Annual Leave",$A19="Annual Leave"),IF(AND($A18<>"Annual Leave",$A19="Annual Leave"),8,0),0) | U19: =MAX(0,40-Y19) | V19: =IF(OR($A19="Holiday",$A18="Holiday"),IF(OR($C19="",$D19=""),0, IF(OR($A18="Holiday",$A19="Holiday"),0, IF(AND(NOT(OR($A18="Annual Leave",$A19="Annual Leave")),$A19="Off day"),0, IF($I18+$I19>=8,IF($I18>=8,0,8-$I18),$I19) )))+IF(MOD(ROW(),2)=0,8,0),IF(OR($C19="",$D19=""),0, IF(OR($A18="Holiday",$A19="Holiday"),0, IF(AND(NOT(OR($A18="Annual Leave",$A19="Annual Leave")),$A19="Off day"),0, IF($I18+$I19>=8,IF($I18>=8,0,8-$I18),$I19) )))) | W19: =MAX(0,V19-U19) | X19: =IF(C19="","",C19-WEEKDAY(C19,1)+1) | Y19: =SUMPRODUCT(($X$14:$X18=X19)*(($V$14:$V18)+($O$14:$O18)))+IF(X19=X14,$L$11,0)
A20: On Day | C20: =C18+1 | E20: =IF(D20="", "", IF(D20=TIME(0,0,0), 0, IF(AND(D20>=TIME(0,0,1), D20<=TIME(2,0,0)), TIME(7,0,0), IF(AND(D20>=TIME(5,0,0), D20<=TIME(8,0,0)), TIME(12,0,0), IF(AND(D20>TIME(8,0,0), D20<=TIME(13,59,0)), TIME(15,0,0), IF(AND(D20>=TIME(14,0,0), D20<=TIME(17,59,0)), TIME(21,0,0), IF(AND(D20>=TIME(18,0,0), D20<=TIME(21,59,0)), TIME(0,0,0), IF(AND(D20>=TIME(22,0,0), D20<=TIME(23,59,59)), TIME(7,0,0), "")))))))) | G20: =E20 | I20: =ROUND(IF(OR(D20="",E20="",E20=0),0,IF(H20="",MOD(E20-D20,1)*24,MOD(H20-D20,1)*24)),2) | M20: =MAX(0,V20-W20) | N20: =(IF(OR($C20="",$D20=""),0, IF(OR($A20="Holiday",$A21="Holiday"), IF(ISNUMBER(MATCH(TRIM($B20),{"Phagwah","Good Friday","Easter Monday","Labour Day","Christmas","Eid ul Azha","Romans-2","Globe-12","Neptune P1"},0)),0,$I20), IF(AND(NOT(OR($A20="Annual Leave",$A21="Annual Leave")),$A20="Off day"),$I20, MAX(0,$I20-$V20) ))))+W20 | O20: =IF(AND(OR($A20="Holiday",$A21="Holiday"), ISNUMBER(MATCH(TRIM($B20),{"Phagwah","Good Friday","Easter Monday","Labour Day","Christmas","Eid ul Azha","Romans-2","Globe-12","Neptune P1"},0))), $I20,0) | P20: =IF(OR($O$7="Canteen",$O$7="Head Office"),0,IF($I20<=0,0,IF(OR(OR(TRIM($J20)="Hebrews",TRIM($J20)="Romans",TRIM($J20)="Romans-2",TRIM($J20)="Globe",TRIM($J20)="Globe-12",TRIM($J20)="Neptune P1"),AND($I21>0,OR(TRIM($J21)="Hebrews",TRIM($J21)="Romans",TRIM($J21)="Romans-2",TRIM($J21)="Globe",TRIM($J21)="Globe-12",TRIM($J21)="Neptune P1"))),1,0))) | R20: =IF(OR($O$7="Canteen",$O$7="Head Office"),0,IF(OR($I20>0,$I21>0), IF( OR( AND($D20>=TIME(5,0,0),$D20<=TIME(7,0,0)), AND($D20>=TIME(14,0,0),$D20<=TIME(15,0,0)), AND($D20>=TIME(18,0,0),$D20<=TIME(19,0,0)), AND($D21>=TIME(5,0,0),$D21<=TIME(7,0,0)), AND($D21>=TIME(14,0,0),$D21<=TIME(15,0,0)), AND($D21>=TIME(18,0,0),$D21<=TIME(19,0,0)) ), IF($I20>0,1,0), 0 ), 0)) | S20: =IF(OR($A20="Annual Leave",$A21="Annual Leave"),IF($A20="Annual Leave",8,0),0) | U20: =MAX(0,40-Y20) | V20: =IF(OR($A20="Holiday",$A21="Holiday"),IF(OR($C20="",$D20=""),0, IF(OR($A20="Holiday",$A21="Holiday"),0, IF(AND(NOT(OR($A20="Annual Leave",$A21="Annual Leave")),$A20="Off day"),0, IF($I20+$I21>=8,IF($I20>=8,8,$I20),$I20) )))+IF(MOD(ROW(),2)=0,8,0),IF(OR($C20="",$D20=""),0, IF(OR($A20="Holiday",$A21="Holiday"),0, IF(AND(NOT(OR($A20="Annual Leave",$A21="Annual Leave")),$A20="Off day"),0, IF($I20+$I21>=8,IF($I20>=8,8,$I20),$I20) )))) | W20: =MAX(0,V20-U20) | X20: =IF(C20="","",C20-WEEKDAY(C20,1)+1) | Y20: =SUMPRODUCT(($X$14:$X19=X20)*(($V$14:$V19)+($O$14:$O19)))+IF(X20=X14,$L$11,0)
A21: On Day | C21: =C20 | E21: =IF(D21="", "", IF(D21=TIME(0,0,0), 0, IF(AND(D21>=TIME(0,0,1), D21<=TIME(2,0,0)), TIME(7,0,0), IF(AND(D21>=TIME(5,0,0), D21<=TIME(8,0,0)), TIME(12,0,0), IF(AND(D21>TIME(8,0,0), D21<=TIME(13,59,0)), TIME(15,0,0), IF(AND(D21>=TIME(14,0,0), D21<=TIME(17,59,0)), TIME(21,0,0), IF(AND(D21>=TIME(18,0,0), D21<=TIME(21,59,0)), TIME(0,0,0), IF(AND(D21>=TIME(22,0,0), D21<=TIME(23,59,59)), TIME(7,0,0), "")))))))) | G21: =E21 | I21: =ROUND(IF(OR(D21="",E21="",E21=0),0,IF(H21="",MOD(E21-D21,1)*24,MOD(H21-D21,1)*24)),2) | M21: =MAX(0,V21-W21) | N21: =(IF(OR($C21="",$D21=""),0, IF(OR($A20="Holiday",$A21="Holiday"), IF(ISNUMBER(MATCH(TRIM($B21),{"Phagwah","Good Friday","Easter Monday","Labour Day","Christmas","Eid ul Azha","Romans-2","Globe-12","Neptune P1"},0)),0,$I21), IF(AND(NOT(OR($A20="Annual Leave",$A21="Annual Leave")),$A21="Off day"),$I21, MAX(0,$I21-$V21) ))))+W21 | O21: =IF(AND(OR($A20="Holiday",$A21="Holiday"), ISNUMBER(MATCH(TRIM($B21),{"Phagwah","Good Friday","Easter Monday","Labour Day","Christmas","Eid ul Azha","Romans-2","Globe-12","Neptune P1"},0))), $I21,0) | P21: =IF(OR($O$7="Canteen",$O$7="Head Office"),0,IF($I21<=0,0,IF(AND($I20<=0,OR(TRIM($J21)="Hebrews",TRIM($J21)="Romans",TRIM($J21)="Romans-2",TRIM($J21)="Globe",TRIM($J21)="Globe-12",TRIM($J21)="Neptune P1")),1,0))) | R21: =IF(OR($O$7="Canteen",$O$7="Head Office"),0,IF(OR($I20>0,$I21>0), IF( OR( AND($D20>=TIME(5,0,0),$D20<=TIME(7,0,0)), AND($D20>=TIME(14,0,0),$D20<=TIME(15,0,0)), AND($D20>=TIME(18,0,0),$D20<=TIME(19,0,0)), AND($D21>=TIME(5,0,0),$D21<=TIME(7,0,0)), AND($D21>=TIME(14,0,0),$D21<=TIME(15,0,0)), AND($D21>=TIME(18,0,0),$D21<=TIME(19,0,0)) ), IF(AND($I20=0,$I21>0),1,0), 0 ), 0)) | S21: =IF(OR($A20="Annual Leave",$A21="Annual Leave"),IF(AND($A20<>"Annual Leave",$A21="Annual Leave"),8,0),0) | U21: =MAX(0,40-Y21) | V21: =IF(OR($A21="Holiday",$A20="Holiday"),IF(OR($C21="",$D21=""),0, IF(OR($A20="Holiday",$A21="Holiday"),0, IF(AND(NOT(OR($A20="Annual Leave",$A21="Annual Leave")),$A21="Off day"),0, IF($I20+$I21>=8,IF($I20>=8,0,8-$I20),$I21) )))+IF(MOD(ROW(),2)=0,8,0),IF(OR($C21="",$D21=""),0, IF(OR($A20="Holiday",$A21="Holiday"),0, IF(AND(NOT(OR($A20="Annual Leave",$A21="Annual Leave")),$A21="Off day"),0, IF($I20+$I21>=8,IF($I20>=8,0,8-$I20),$I21) )))) | W21: =MAX(0,V21-U21) | X21: =IF(C21="","",C21-WEEKDAY(C21,1)+1) | Y21: =SUMPRODUCT(($X$14:$X20=X21)*(($V$14:$V20)+($O$14:$O20)))+IF(X21=X14,$L$11,0)
A22: On Day | C22: =C20+1 | E22: =IF(D22="", "", IF(D22=TIME(0,0,0), 0, IF(AND(D22>=TIME(0,0,1), D22<=TIME(2,0,0)), TIME(7,0,0), IF(AND(D22>=TIME(5,0,0), D22<=TIME(8,0,0)), TIME(12,0,0), IF(AND(D22>TIME(8,0,0), D22<=TIME(13,59,0)), TIME(15,0,0), IF(AND(D22>=TIME(14,0,0), D22<=TIME(17,59,0)), TIME(21,0,0), IF(AND(D22>=TIME(18,0,0), D22<=TIME(21,59,0)), TIME(0,0,0), IF(AND(D22>=TIME(22,0,0), D22<=TIME(23,59,59)), TIME(7,0,0), "")))))))) | G22: =E22 | I22: =ROUND(IF(OR(D22="",E22="",E22=0),0,IF(H22="",MOD(E22-D22,1)*24,MOD(H22-D22,1)*24)),2) | M22: =MAX(0,V22-W22) | N22: =(IF(OR($C22="",$D22=""),0, IF(OR($A22="Holiday",$A23="Holiday"), IF(ISNUMBER(MATCH(TRIM($B22),{"Phagwah","Good Friday","Easter Monday","Labour Day","Christmas","Eid ul Azha","Romans-2","Globe-12","Neptune P1"},0)),0,$I22), IF(AND(NOT(OR($A22="Annual Leave",$A23="Annual Leave")),$A22="Off day"),$I22, MAX(0,$I22-$V22) ))))+W22 | O22: =IF(AND(OR($A22="Holiday",$A23="Holiday"), ISNUMBER(MATCH(TRIM($B22),{"Phagwah","Good Friday","Easter Monday","Labour Day","Christmas","Eid ul Azha","Romans-2","Globe-12","Neptune P1"},0))), $I22,0) | P22: =IF(OR($O$7="Canteen",$O$7="Head Office"),0,IF($I22<=0,0,IF(OR(OR(TRIM($J22)="Hebrews",TRIM($J22)="Romans",TRIM($J22)="Romans-2",TRIM($J22)="Globe",TRIM($J22)="Globe-12",TRIM($J22)="Neptune P1"),AND($I23>0,OR(TRIM($J23)="Hebrews",TRIM($J23)="Romans",TRIM($J23)="Romans-2",TRIM($J23)="Globe",TRIM($J23)="Globe-12",TRIM($J23)="Neptune P1"))),1,0))) | R22: =IF(OR($O$7="Canteen",$O$7="Head Office"),0,IF(OR($I22>0,$I23>0), IF( OR( AND($D22>=TIME(5,0,0),$D22<=TIME(7,0,0)), AND($D22>=TIME(14,0,0),$D22<=TIME(15,0,0)), AND($D22>=TIME(18,0,0),$D22<=TIME(19,0,0)), AND($D23>=TIME(5,0,0),$D23<=TIME(7,0,0)), AND($D23>=TIME(14,0,0),$D23<=TIME(15,0,0)), AND($D23>=TIME(18,0,0),$D23<=TIME(19,0,0)) ), IF($I22>0,1,0), 0 ), 0)) | S22: =IF(OR($A22="Annual Leave",$A23="Annual Leave"),IF($A22="Annual Leave",8,0),0) | U22: =MAX(0,40-Y22) | V22: =IF(OR($A22="Holiday",$A23="Holiday"),IF(OR($C22="",$D22=""),0, IF(OR($A22="Holiday",$A23="Holiday"),0, IF(AND(NOT(OR($A22="Annual Leave",$A23="Annual Leave")),$A22="Off day"),0, IF($I22+$I23>=8,IF($I22>=8,8,$I22),$I22) )))+IF(MOD(ROW(),2)=0,8,0),IF(OR($C22="",$D22=""),0, IF(OR($A22="Holiday",$A23="Holiday"),0, IF(AND(NOT(OR($A22="Annual Leave",$A23="Annual Leave")),$A22="Off day"),0, IF($I22+$I23>=8,IF($I22>=8,8,$I22),$I22) )))) | W22: =MAX(0,V22-U22) | X22: =IF(C22="","",C22-WEEKDAY(C22,1)+1) | Y22: =SUMPRODUCT(($X$14:$X21=X22)*(($V$14:$V21)+($O$14:$O21)))+IF(X22=X14,$L$11,0)
A23: On Day | C23: =C22 | E23: =IF(D23="", "", IF(D23=TIME(0,0,0), 0, IF(AND(D23>=TIME(0,0,1), D23<=TIME(2,0,0)), TIME(7,0,0), IF(AND(D23>=TIME(5,0,0), D23<=TIME(8,0,0)), TIME(12,0,0), IF(AND(D23>TIME(8,0,0), D23<=TIME(13,59,0)), TIME(15,0,0), IF(AND(D23>=TIME(14,0,0), D23<=TIME(17,59,0)), TIME(21,0,0), IF(AND(D23>=TIME(18,0,0), D23<=TIME(21,59,0)), TIME(0,0,0), IF(AND(D23>=TIME(22,0,0), D23<=TIME(23,59,59)), TIME(7,0,0), "")))))))) | G23: =E23 | I23: =ROUND(IF(OR(D23="",E23="",E23=0),0,IF(H23="",MOD(E23-D23,1)*24,MOD(H23-D23,1)*24)),2) | M23: =MAX(0,V23-W23) | N23: =(IF(OR($C23="",$D23=""),0, IF(OR($A22="Holiday",$A23="Holiday"), IF(ISNUMBER(MATCH(TRIM($B23),{"Phagwah","Good Friday","Easter Monday","Labour Day","Christmas","Eid ul Azha","Romans-2","Globe-12","Neptune P1"},0)),0,$I23), IF(AND(NOT(OR($A22="Annual Leave",$A23="Annual Leave")),$A23="Off day"),$I23, MAX(0,$I23-$V23) ))))+W23 | O23: =IF(AND(OR($A22="Holiday",$A23="Holiday"), ISNUMBER(MATCH(TRIM($B23),{"Phagwah","Good Friday","Easter Monday","Labour Day","Christmas","Eid ul Azha","Romans-2","Globe-12","Neptune P1"},0))), $I23,0) | P23: =IF(OR($O$7="Canteen",$O$7="Head Office"),0,IF($I23<=0,0,IF(AND($I22<=0,OR(TRIM($J23)="Hebrews",TRIM($J23)="Romans",TRIM($J23)="Romans-2",TRIM($J23)="Globe",TRIM($J23)="Globe-12",TRIM($J23)="Neptune P1")),1,0))) | R23: =IF(OR($O$7="Canteen",$O$7="Head Office"),0,IF(OR($I22>0,$I23>0), IF( OR( AND($D22>=TIME(5,0,0),$D22<=TIME(7,0,0)), AND($D22>=TIME(14,0,0),$D22<=TIME(15,0,0)), AND($D22>=TIME(18,0,0),$D22<=TIME(19,0,0)), AND($D23>=TIME(5,0,0),$D23<=TIME(7,0,0)), AND($D23>=TIME(14,0,0),$D23<=TIME(15,0,0)), AND($D23>=TIME(18,0,0),$D23<=TIME(19,0,0)) ), IF(AND($I22=0,$I23>0),1,0), 0 ), 0)) | S23: =IF(OR($A22="Annual Leave",$A23="Annual Leave"),IF(AND($A22<>"Annual Leave",$A23="Annual Leave"),8,0),0) | U23: =MAX(0,40-Y23) | V23: =IF(OR($A23="Holiday",$A22="Holiday"),IF(OR($C23="",$D23=""),0, IF(OR($A22="Holiday",$A23="Holiday"),0, IF(AND(NOT(OR($A22="Annual Leave",$A23="Annual Leave")),$A23="Off day"),0, IF($I22+$I23>=8,IF($I22>=8,0,8-$I22),$I23) )))+IF(MOD(ROW(),2)=0,8,0),IF(OR($C23="",$D23=""),0, IF(OR($A22="Holiday",$A23="Holiday"),0, IF(AND(NOT(OR($A22="Annual Leave",$A23="Annual Leave")),$A23="Off day"),0, IF($I22+$I23>=8,IF($I22>=8,0,8-$I22),$I23) )))) | W23: =MAX(0,V23-U23) | X23: =IF(C23="","",C23-WEEKDAY(C23,1)+1) | Y23: =SUMPRODUCT(($X$14:$X22=X23)*(($V$14:$V22)+($O$14:$O22)))+IF(X23=X14,$L$11,0)
A24: On Day | C24: =C22+1 | E24: =IF(D24="", "", IF(D24=TIME(0,0,0), 0, IF(AND(D24>=TIME(0,0,1), D24<=TIME(2,0,0)), TIME(7,0,0), IF(AND(D24>=TIME(5,0,0), D24<=TIME(8,0,0)), TIME(12,0,0), IF(AND(D24>TIME(8,0,0), D24<=TIME(13,59,0)), TIME(15,0,0), IF(AND(D24>=TIME(14,0,0), D24<=TIME(17,59,0)), TIME(21,0,0), IF(AND(D24>=TIME(18,0,0), D24<=TIME(21,59,0)), TIME(0,0,0), IF(AND(D24>=TIME(22,0,0), D24<=TIME(23,59,59)), TIME(7,0,0), "")))))))) | G24: =E24 | I24: =ROUND(IF(OR(D24="",E24="",E24=0),0,IF(H24="",MOD(E24-D24,1)*24,MOD(H24-D24,1)*24)),2) | M24: =MAX(0,V24-W24) | N24: =(IF(OR($C24="",$D24=""),0, IF(OR($A24="Holiday",$A25="Holiday"), IF(ISNUMBER(MATCH(TRIM($B24),{"Phagwah","Good Friday","Easter Monday","Labour Day","Christmas","Eid ul Azha","Romans-2","Globe-12","Neptune P1"},0)),0,$I24), IF(AND(NOT(OR($A24="Annual Leave",$A25="Annual Leave")),$A24="Off day"),$I24, MAX(0,$I24-$V24) ))))+W24 | O24: =IF(AND(OR($A24="Holiday",$A25="Holiday"), ISNUMBER(MATCH(TRIM($B24),{"Phagwah","Good Friday","Easter Monday","Labour Day","Christmas","Eid ul Azha","Romans-2","Globe-12","Neptune P1"},0))), $I24,0) | P24: =IF(OR($O$7="Canteen",$O$7="Head Office"),0,IF($I24<=0,0,IF(OR(OR(TRIM($J24)="Hebrews",TRIM($J24)="Romans",TRIM($J24)="Romans-2",TRIM($J24)="Globe",TRIM($J24)="Globe-12",TRIM($J24)="Neptune P1"),AND($I25>0,OR(TRIM($J25)="Hebrews",TRIM($J25)="Romans",TRIM($J25)="Romans-2",TRIM($J25)="Globe",TRIM($J25)="Globe-12",TRIM($J25)="Neptune P1"))),1,0))) | R24: =IF(OR($O$7="Canteen",$O$7="Head Office"),0,IF(OR($I24>0,$I25>0), IF( OR( AND($D24>=TIME(5,0,0),$D24<=TIME(7,0,0)), AND($D24>=TIME(14,0,0),$D24<=TIME(15,0,0)), AND($D24>=TIME(18,0,0),$D24<=TIME(19,0,0)), AND($D25>=TIME(5,0,0),$D25<=TIME(7,0,0)), AND($D25>=TIME(14,0,0),$D25<=TIME(15,0,0)), AND($D25>=TIME(18,0,0),$D25<=TIME(19,0,0)) ), IF($I24>0,1,0), 0 ), 0)) | S24: =IF(OR($A24="Annual Leave",$A25="Annual Leave"),IF($A24="Annual Leave",8,0),0) | U24: =MAX(0,40-Y24) | V24: =IF(OR($A24="Holiday",$A25="Holiday"),IF(OR($C24="",$D24=""),0, IF(OR($A24="Holiday",$A25="Holiday"),0, IF(AND(NOT(OR($A24="Annual Leave",$A25="Annual Leave")),$A24="Off day"),0, IF($I24+$I25>=8,IF($I24>=8,8,$I24),$I24) )))+IF(MOD(ROW(),2)=0,8,0),IF(OR($C24="",$D24=""),0, IF(OR($A24="Holiday",$A25="Holiday"),0, IF(AND(NOT(OR($A24="Annual Leave",$A25="Annual Leave")),$A24="Off day"),0, IF($I24+$I25>=8,IF($I24>=8,8,$I24),$I24) )))) | W24: =MAX(0,V24-U24) | X24: =IF(C24="","",C24-WEEKDAY(C24,1)+1) | Y24: =SUMPRODUCT(($X$14:$X23=X24)*(($V$14:$V23)+($O$14:$O23)))+IF(X24=X14,$L$11,0)
A25: On Day | C25: =C24 | E25: =IF(D25="", "", IF(D25=TIME(0,0,0), 0, IF(AND(D25>=TIME(0,0,1), D25<=TIME(2,0,0)), TIME(7,0,0), IF(AND(D25>=TIME(5,0,0), D25<=TIME(8,0,0)), TIME(12,0,0), IF(AND(D25>TIME(8,0,0), D25<=TIME(13,59,0)), TIME(15,0,0), IF(AND(D25>=TIME(14,0,0), D25<=TIME(17,59,0)), TIME(21,0,0), IF(AND(D25>=TIME(18,0,0), D25<=TIME(21,59,0)), TIME(0,0,0), IF(AND(D25>=TIME(22,0,0), D25<=TIME(23,59,59)), TIME(7,0,0), "")))))))) | G25: =E25 | I25: =ROUND(IF(OR(D25="",E25="",E25=0),0,IF(H25="",MOD(E25-D25,1)*24,MOD(H25-D25,1)*24)),2) | M25: =MAX(0,V25-W25) | N25: =(IF(OR($C25="",$D25=""),0, IF(OR($A24="Holiday",$A25="Holiday"), IF(ISNUMBER(MATCH(TRIM($B25),{"Phagwah","Good Friday","Easter Monday","Labour Day","Christmas","Eid ul Azha","Romans-2","Globe-12","Neptune P1"},0)),0,$I25), IF(AND(NOT(OR($A24="Annual Leave",$A25="Annual Leave")),$A25="Off day"),$I25, MAX(0,$I25-$V25) ))))+W25 | O25: =IF(AND(OR($A24="Holiday",$A25="Holiday"), ISNUMBER(MATCH(TRIM($B25),{"Phagwah","Good Friday","Easter Monday","Labour Day","Christmas","Eid ul Azha","Romans-2","Globe-12","Neptune P1"},0))), $I25,0) | P25: =IF(OR($O$7="Canteen",$O$7="Head Office"),0,IF($I25<=0,0,IF(AND($I24<=0,OR(TRIM($J25)="Hebrews",TRIM($J25)="Romans",TRIM($J25)="Romans-2",TRIM($J25)="Globe",TRIM($J25)="Globe-12",TRIM($J25)="Neptune P1")),1,0))) | R25: =IF(OR($O$7="Canteen",$O$7="Head Office"),0,IF(OR($I24>0,$I25>0), IF( OR( AND($D24>=TIME(5,0,0),$D24<=TIME(7,0,0)), AND($D24>=TIME(14,0,0),$D24<=TIME(15,0,0)), AND($D24>=TIME(18,0,0),$D24<=TIME(19,0,0)), AND($D25>=TIME(5,0,0),$D25<=TIME(7,0,0)), AND($D25>=TIME(14,0,0),$D25<=TIME(15,0,0)), AND($D25>=TIME(18,0,0),$D25<=TIME(19,0,0)) ), IF(AND($I24=0,$I25>0),1,0), 0 ), 0)) | S25: =IF(OR($A24="Annual Leave",$A25="Annual Leave"),IF(AND($A24<>"Annual Leave",$A25="Annual Leave"),8,0),0) | U25: =MAX(0,40-Y25) | V25: =IF(OR($A25="Holiday",$A24="Holiday"),IF(OR($C25="",$D25=""),0, IF(OR($A24="Holiday",$A25="Holiday"),0, IF(AND(NOT(OR($A24="Annual Leave",$A25="Annual Leave")),$A25="Off day"),0, IF($I24+$I25>=8,IF($I24>=8,0,8-$I24),$I25) )))+IF(MOD(ROW(),2)=0,8,0),IF(OR($C25="",$D25=""),0, IF(OR($A24="Holiday",$A25="Holiday"),0, IF(AND(NOT(OR($A24="Annual Leave",$A25="Annual Leave")),$A25="Off day"),0, IF($I24+$I25>=8,IF($I24>=8,0,8-$I24),$I25) )))) | W25: =MAX(0,V25-U25) | X25: =IF(C25="","",C25-WEEKDAY(C25,1)+1) | Y25: =SUMPRODUCT(($X$14:$X24=X25)*(($V$14:$V24)+($O$14:$O24)))+IF(X25=X14,$L$11,0)
A26: On Day | C26: =C24+1 | E26: =IF(D26="", "", IF(D26=TIME(0,0,0), 0, IF(AND(D26>=TIME(0,0,1), D26<=TIME(2,0,0)), TIME(7,0,0), IF(AND(D26>=TIME(5,0,0), D26<=TIME(8,0,0)), TIME(12,0,0), IF(AND(D26>TIME(8,0,0), D26<=TIME(13,59,0)), TIME(15,0,0), IF(AND(D26>=TIME(14,0,0), D26<=TIME(17,59,0)), TIME(21,0,0), IF(AND(D26>=TIME(18,0,0), D26<=TIME(21,59,0)), TIME(0,0,0), IF(AND(D26>=TIME(22,0,0), D26<=TIME(23,59,59)), TIME(7,0,0), "")))))))) | G26: =E26 | I26: =ROUND(IF(OR(D26="",E26="",E26=0),0,IF(H26="",MOD(E26-D26,1)*24,MOD(H26-D26,1)*24)),2) | M26: =MAX(0,V26-W26) | N26: =(IF(OR($C26="",$D26=""),0, IF(OR($A26="Holiday",$A27="Holiday"), IF(ISNUMBER(MATCH(TRIM($B26),{"Phagwah","Good Friday","Easter Monday","Labour Day","Christmas","Eid ul Azha","Romans-2","Globe-12","Neptune P1"},0)),0,$I26), IF(AND(NOT(OR($A26="Annual Leave",$A27="Annual Leave")),$A26="Off day"),$I26, MAX(0,$I26-$V26) ))))+W26 | O26: =IF(AND(OR($A26="Holiday",$A27="Holiday"), ISNUMBER(MATCH(TRIM($B26),{"Phagwah","Good Friday","Easter Monday","Labour Day","Christmas","Eid ul Azha","Romans-2","Globe-12","Neptune P1"},0))), $I26,0) | P26: =IF(OR($O$7="Canteen",$O$7="Head Office"),0,IF($I26<=0,0,IF(OR(OR(TRIM($J26)="Hebrews",TRIM($J26)="Romans",TRIM($J26)="Romans-2",TRIM($J26)="Globe",TRIM($J26)="Globe-12",TRIM($J26)="Neptune P1"),AND($I27>0,OR(TRIM($J27)="Hebrews",TRIM($J27)="Romans",TRIM($J27)="Romans-2",TRIM($J27)="Globe",TRIM($J27)="Globe-12",TRIM($J27)="Neptune P1"))),1,0))) | R26: =IF(OR($O$7="Canteen",$O$7="Head Office"),0,IF(OR($I26>0,$I27>0), IF( OR( AND($D26>=TIME(5,0,0),$D26<=TIME(7,0,0)), AND($D26>=TIME(14,0,0),$D26<=TIME(15,0,0)), AND($D26>=TIME(18,0,0),$D26<=TIME(19,0,0)), AND($D27>=TIME(5,0,0),$D27<=TIME(7,0,0)), AND($D27>=TIME(14,0,0),$D27<=TIME(15,0,0)), AND($D27>=TIME(18,0,0),$D27<=TIME(19,0,0)) ), IF($I26>0,1,0), 0 ), 0)) | S26: =IF(OR($A26="Annual Leave",$A27="Annual Leave"),IF($A26="Annual Leave",8,0),0) | U26: =MAX(0,40-Y26) | V26: =IF(OR($A26="Holiday",$A27="Holiday"),IF(OR($C26="",$D26=""),0, IF(OR($A26="Holiday",$A27="Holiday"),0, IF(AND(NOT(OR($A26="Annual Leave",$A27="Annual Leave")),$A26="Off day"),0, IF($I26+$I27>=8,IF($I26>=8,8,$I26),$I26) )))+IF(MOD(ROW(),2)=0,8,0),IF(OR($C26="",$D26=""),0, IF(OR($A26="Holiday",$A27="Holiday"),0, IF(AND(NOT(OR($A26="Annual Leave",$A27="Annual Leave")),$A26="Off day"),0, IF($I26+$I27>=8,IF($I26>=8,8,$I26),$I26) )))) | W26: =MAX(0,V26-U26) | X26: =IF(C26="","",C26-WEEKDAY(C26,1)+1) | Y26: =SUMPRODUCT(($X$14:$X25=X26)*(($V$14:$V25)+($O$14:$O25)))+IF(X26=X14,$L$11,0)
A27: On Day | C27: =C26 | E27: =IF(D27="", "", IF(D27=TIME(0,0,0), 0, IF(AND(D27>=TIME(0,0,1), D27<=TIME(2,0,0)), TIME(7,0,0), IF(AND(D27>=TIME(5,0,0), D27<=TIME(8,0,0)), TIME(12,0,0), IF(AND(D27>TIME(8,0,0), D27<=TIME(13,59,0)), TIME(15,0,0), IF(AND(D27>=TIME(14,0,0), D27<=TIME(17,59,0)), TIME(21,0,0), IF(AND(D27>=TIME(18,0,0), D27<=TIME(21,59,0)), TIME(0,0,0), IF(AND(D27>=TIME(22,0,0), D27<=TIME(23,59,59)), TIME(7,0,0), "")))))))) | G27: =E27 | I27: =ROUND(IF(OR(D27="",E27="",E27=0),0,IF(H27="",MOD(E27-D27,1)*24,MOD(H27-D27,1)*24)),2) | M27: =MAX(0,V27-W27) | N27: =(IF(OR($C27="",$D27=""),0, IF(OR($A26="Holiday",$A27="Holiday"), IF(ISNUMBER(MATCH(TRIM($B27),{"Phagwah","Good Friday","Easter Monday","Labour Day","Christmas","Eid ul Azha","Romans-2","Globe-12","Neptune P1"},0)),0,$I27), IF(AND(NOT(OR($A26="Annual Leave",$A27="Annual Leave")),$A27="Off day"),$I27, MAX(0,$I27-$V27) ))))+W27 | O27: =IF(AND(OR($A26="Holiday",$A27="Holiday"), ISNUMBER(MATCH(TRIM($B27),{"Phagwah","Good Friday","Easter Monday","Labour Day","Christmas","Eid ul Azha","Romans-2","Globe-12","Neptune P1"},0))), $I27,0) | P27: =IF(OR($O$7="Canteen",$O$7="Head Office"),0,IF($I27<=0,0,IF(AND($I26<=0,OR(TRIM($J27)="Hebrews",TRIM($J27)="Romans",TRIM($J27)="Romans-2",TRIM($J27)="Globe",TRIM($J27)="Globe-12",TRIM($J27)="Neptune P1")),1,0))) | R27: =IF(OR($O$7="Canteen",$O$7="Head Office"),0,IF(OR($I26>0,$I27>0), IF( OR( AND($D26>=TIME(5,0,0),$D26<=TIME(7,0,0)), AND($D26>=TIME(14,0,0),$D26<=TIME(15,0,0)), AND($D26>=TIME(18,0,0),$D26<=TIME(19,0,0)), AND($D27>=TIME(5,0,0),$D27<=TIME(7,0,0)), AND($D27>=TIME(14,0,0),$D27<=TIME(15,0,0)), AND($D27>=TIME(18,0,0),$D27<=TIME(19,0,0)) ), IF(AND($I26=0,$I27>0),1,0), 0 ), 0)) | S27: =IF(OR($A26="Annual Leave",$A27="Annual Leave"),IF(AND($A26<>"Annual Leave",$A27="Annual Leave"),8,0),0) | U27: =MAX(0,40-Y27) | V27: =IF(OR($A27="Holiday",$A26="Holiday"),IF(OR($C27="",$D27=""),0, IF(OR($A26="Holiday",$A27="Holiday"),0, IF(AND(NOT(OR($A26="Annual Leave",$A27="Annual Leave")),$A27="Off day"),0, IF($I26+$I27>=8,IF($I26>=8,0,8-$I26),$I27) )))+IF(MOD(ROW(),2)=0,8,0),IF(OR($C27="",$D27=""),0, IF(OR($A26="Holiday",$A27="Holiday"),0, IF(AND(NOT(OR($A26="Annual Leave",$A27="Annual Leave")),$A27="Off day"),0, IF($I26+$I27>=8,IF($I26>=8,0,8-$I26),$I27) )))) | W27: =MAX(0,V27-U27) | X27: =IF(C27="","",C27-WEEKDAY(C27,1)+1) | Y27: =SUMPRODUCT(($X$14:$X26=X27)*(($V$14:$V26)+($O$14:$O26)))+IF(X27=X14,$L$11,0)
E28: =IF(D28="", "", IF(D28=TIME(0,0,0), 0, IF(AND(D28>=TIME(0,0,1), D28<=TIME(2,0,0)), TIME(7,0,0), IF(AND(D28>=TIME(5,0,0), D28<=TIME(8,0,0)), TIME(12,0,0), IF(AND(D28>TIME(8,0,0), D28<=TIME(13,59,0)), TIME(15,0,0), IF(AND(D28>=TIME(14,0,0), D28<=TIME(17,59,0)), TIME(21,0,0), IF(AND(D28>=TIME(18,0,0), D28<=TIME(21,59,0)), TIME(0,0,0), IF(AND(D28>=TIME(22,0,0), D28<=TIME(23,59,59)), TIME(7,0,0), "")))))))) | M28: =MAX(0,V28-W28) | N28: =(IF(OR($C28="",$D28=""),0, IF(OR($A28="Holiday",$A29="Holiday"), IF(ISNUMBER(MATCH(TRIM($B28),{"Phagwah","Good Friday","Easter Monday","Labour Day","Christmas","Eid ul Azha","Romans-2","Globe-12","Neptune P1"},0)),0,$I28), IF(AND(NOT(OR($A28="Annual Leave",$A29="Annual Leave")),$A28="Off day"),$I28, MAX(0,$I28-$V28) ))))+W28 | O28: =IF(AND(OR($A28="Holiday",$A29="Holiday"), ISNUMBER(MATCH(TRIM($B28),{"Phagwah","Good Friday","Easter Monday","Labour Day","Christmas","Eid ul Azha","Romans-2","Globe-12","Neptune P1"},0))), $I28,0) | P28: =IF(OR($O$7="Canteen",$O$7="Head Office"),0,IF($I28<=0,0,IF(OR(OR(TRIM($J28)="Hebrews",TRIM($J28)="Romans",TRIM($J28)="Romans-2",TRIM($J28)="Globe",TRIM($J28)="Globe-12",TRIM($J28)="Neptune P1"),AND($I29>0,OR(TRIM($J29)="Hebrews",TRIM($J29)="Romans",TRIM($J29)="Romans-2",TRIM($J29)="Globe",TRIM($J29)="Globe-12",TRIM($J29)="Neptune P1"))),1,0))) | S28: =IF(OR($A28="Annual Leave",$A29="Annual Leave"),IF($A28="Annual Leave",8,0),0) | T28: =SUM(T14:T27) | U28: =MAX(0,40-Y28) | V28: =IF(OR($A28="Holiday",$A29="Holiday"),IF(OR($C28="",$D28=""),0, IF(OR($A28="Holiday",$A29="Holiday"),0, IF(AND(NOT(OR($A28="Annual Leave",$A29="Annual Leave")),$A28="Off day"),0, IF($I28+$I29>=8,IF($I28>=8,8,$I28),$I28) )))+IF(MOD(ROW(),2)=0,8,0),IF(OR($C28="",$D28=""),0, IF(OR($A28="Holiday",$A29="Holiday"),0, IF(AND(NOT(OR($A28="Annual Leave",$A29="Annual Leave")),$A28="Off day"),0, IF($I28+$I29>=8,IF($I28>=8,8,$I28),$I28) )))) | W28: =MAX(0,V28-U28) | X28: =IF(C28="","",C28-WEEKDAY(C28,1)+1) | Y28: =SUMPRODUCT(($X$14:$X27=X28)*(($V$14:$V27)+($O$14:$O27)))+IF(X28=X14,$L$11,0)
E29: =IF(D29="", "", IF(D29=TIME(0,0,0), 0, IF(AND(D29>=TIME(0,0,1), D29<=TIME(2,0,0)), TIME(7,0,0), IF(AND(D29>=TIME(5,0,0), D29<=TIME(8,0,0)), TIME(12,0,0), IF(AND(D29>TIME(8,0,0), D29<=TIME(13,59,0)), TIME(15,0,0), IF(AND(D29>=TIME(14,0,0), D29<=TIME(17,59,0)), TIME(21,0,0), IF(AND(D29>=TIME(18,0,0), D29<=TIME(21,59,0)), TIME(0,0,0), IF(AND(D29>=TIME(22,0,0), D29<=TIME(23,59,59)), TIME(7,0,0), "")))))))) | M29: =MAX(0,V29-W29) | N29: =(IF(OR($C29="",$D29=""),0, IF(OR($A28="Holiday",$A29="Holiday"), IF(ISNUMBER(MATCH(TRIM($B29),{"Phagwah","Good Friday","Easter Monday","Labour Day","Christmas","Eid ul Azha","Romans-2","Globe-12","Neptune P1"},0)),0,$I29), IF(AND(NOT(OR($A28="Annual Leave",$A29="Annual Leave")),$A29="Off day"),$I29, MAX(0,$I29-$V29) ))))+W29 | O29: =IF(AND(OR($A28="Holiday",$A29="Holiday"), ISNUMBER(MATCH(TRIM($B29),{"Phagwah","Good Friday","Easter Monday","Labour Day","Christmas","Eid ul Azha","Romans-2","Globe-12","Neptune P1"},0))), $I29,0) | P29: =IF(OR($O$7="Canteen",$O$7="Head Office"),0,IF($I29<=0,0,IF(AND($I28<=0,OR(TRIM($J29)="Hebrews",TRIM($J29)="Romans",TRIM($J29)="Romans-2",TRIM($J29)="Globe",TRIM($J29)="Globe-12",TRIM($J29)="Neptune P1")),1,0))) | R29: =IF(OR($O$7="Canteen",$O$7="Head Office"),0,IF( AND( SUMIFS(I:I, C:C, C29) >= 8, COUNTIFS(C$14:C29, C29)=1, OR( TEXT(D29,"hh:mm:ss")="07:00:00", TEXT(D29,"hh:mm:ss")="15:00:00", TEXT(D29,"hh:mm:ss")="23:00:00", TEXT(D30,"hh:mm:ss")="07:00:00", TEXT(D30,"hh:mm:ss")="15:00:00", TEXT(D30,"hh:mm:ss")="23:00:00" ) ), 1, 0 )) | S29: =IF(OR($A28="Annual Leave",$A29="Annual Leave"),IF(AND($A28<>"Annual Leave",$A29="Annual Leave"),8,0),0) | U29: =MAX(0,40-Y29) | V29: =IF(OR($A29="Holiday",$A28="Holiday"),IF(OR($C29="",$D29=""),0, IF(OR($A28="Holiday",$A29="Holiday"),0, IF(AND(NOT(OR($A28="Annual Leave",$A29="Annual Leave")),$A29="Off day"),0, IF($I28+$I29>=8,IF($I28>=8,0,8-$I28),$I29) )))+IF(MOD(ROW(),2)=0,8,0),IF(OR($C29="",$D29=""),0, IF(OR($A28="Holiday",$A29="Holiday"),0, IF(AND(NOT(OR($A28="Annual Leave",$A29="Annual Leave")),$A29="Off day"),0, IF($I28+$I29>=8,IF($I28>=8,0,8-$I28),$I29) )))) | W29: =MAX(0,V29-U29) | X29: =IF(C29="","",C29-WEEKDAY(C29,1)+1) | Y29: =SUMPRODUCT(($X$14:$X28=X29)*(($V$14:$V28)+($O$14:$O28)))+IF(X29=X14,$L$11,0)
A30: On Day | C30: =C27+1 | E30: =IF(D30="", "", IF(D30=TIME(0,0,0), 0, IF(AND(D30>=TIME(0,0,1), D30<=TIME(2,0,0)), TIME(7,0,0), IF(AND(D30>=TIME(5,0,0), D30<=TIME(8,0,0)), TIME(12,0,0), IF(AND(D30>TIME(8,0,0), D30<=TIME(13,59,0)), TIME(15,0,0), IF(AND(D30>=TIME(14,0,0), D30<=TIME(17,59,0)), TIME(21,0,0), IF(AND(D30>=TIME(18,0,0), D30<=TIME(21,59,0)), TIME(0,0,0), IF(AND(D30>=TIME(22,0,0), D30<=TIME(23,59,59)), TIME(7,0,0), "")))))))) | G30: =E30 | I30: =ROUND(IF(OR(D30="",E30="",E30=0),0,IF(H30="",MOD(E30-D30,1)*24,MOD(H30-D30,1)*24)),2) | M30: =MAX(0,V30-W30) | N30: =(IF(OR($C30="",$D30=""),0, IF(OR($A30="Holiday",$A31="Holiday"), IF(ISNUMBER(MATCH(TRIM($B30),{"Phagwah","Good Friday","Easter Monday","Labour Day","Christmas","Eid ul Azha","Romans-2","Globe-12","Neptune P1"},0)),0,$I30), IF(AND(NOT(OR($A30="Annual Leave",$A31="Annual Leave")),$A30="Off day"),$I30, MAX(0,$I30-$V30) ))))+W30 | O30: =IF(AND(OR($A30="Holiday",$A31="Holiday"), ISNUMBER(MATCH(TRIM($B30),{"Phagwah","Good Friday","Easter Monday","Labour Day","Christmas","Eid ul Azha","Romans-2","Globe-12","Neptune P1"},0))), $I30,0) | P30: =IF(OR($O$7="Canteen",$O$7="Head Office"),0,IF($I30<=0,0,IF(OR(OR(TRIM($J30)="Hebrews",TRIM($J30)="Romans",TRIM($J30)="Romans-2",TRIM($J30)="Globe",TRIM($J30)="Globe-12",TRIM($J30)="Neptune P1"),AND($I31>0,OR(TRIM($J31)="Hebrews",TRIM($J31)="Romans",TRIM($J31)="Romans-2",TRIM($J31)="Globe",TRIM($J31)="Globe-12",TRIM($J31)="Neptune P1"))),1,0))) | R30: =IF(OR($O$7="Canteen",$O$7="Head Office"),0,IF( AND( SUMIFS(I:I, C:C, C30) >= 8, COUNTIFS(C$14:C30, C30)=1, OR( TEXT(D30,"hh:mm:ss")="07:00:00", TEXT(D30,"hh:mm:ss")="15:00:00", TEXT(D30,"hh:mm:ss")="23:00:00", TEXT(D31,"hh:mm:ss")="07:00:00", TEXT(D31,"hh:mm:ss")="15:00:00", TEXT(D31,"hh:mm:ss")="23:00:00" ) ), 1, 0 )) | S30: =IF(OR($A30="Annual Leave",$A31="Annual Leave"),IF($A30="Annual Leave",8,0),0) | U30: =MAX(0,40-Y30) | V30: =IF(OR($A30="Holiday",$A31="Holiday"),IF(OR($C30="",$D30=""),0, IF(OR($A30="Holiday",$A31="Holiday"),0, IF(AND(NOT(OR($A30="Annual Leave",$A31="Annual Leave")),$A30="Off day"),0, IF($I30+$I31>=8,IF($I30>=8,8,$I30),$I30) )))+IF(MOD(ROW(),2)=0,8,0),IF(OR($C30="",$D30=""),0, IF(OR($A30="Holiday",$A31="Holiday"),0, IF(AND(NOT(OR($A30="Annual Leave",$A31="Annual Leave")),$A30="Off day"),0, IF($I30+$I31>=8,IF($I30>=8,8,$I30),$I30) )))) | W30: =MAX(0,V30-U30) | X30: =IF(C30="","",C30-WEEKDAY(C30,1)+1) | Y30: =SUMPRODUCT(($X$14:$X29=X30)*(($V$14:$V29)+($O$14:$O29)))+IF(X30=X14,$L$11,0)
A31: On Day | C31: =C30 | E31: =IF(D31="", "", IF(D31=TIME(0,0,0), 0, IF(AND(D31>=TIME(0,0,1), D31<=TIME(2,0,0)), TIME(7,0,0), IF(AND(D31>=TIME(5,0,0), D31<=TIME(8,0,0)), TIME(12,0,0), IF(AND(D31>TIME(8,0,0), D31<=TIME(13,59,0)), TIME(15,0,0), IF(AND(D31>=TIME(14,0,0), D31<=TIME(17,59,0)), TIME(21,0,0), IF(AND(D31>=TIME(18,0,0), D31<=TIME(21,59,0)), TIME(0,0,0), IF(AND(D31>=TIME(22,0,0), D31<=TIME(23,59,59)), TIME(7,0,0), "")))))))) | G31: =E31 | I31: =ROUND(IF(OR(D31="",E31="",E31=0),0,IF(H31="",MOD(E31-D31,1)*24,MOD(H31-D31,1)*24)),2) | M31: =MAX(0,V31-W31) | N31: =(IF(OR($C31="",$D31=""),0, IF(OR($A30="Holiday",$A31="Holiday"), IF(ISNUMBER(MATCH(TRIM($B31),{"Phagwah","Good Friday","Easter Monday","Labour Day","Christmas","Eid ul Azha","Romans-2","Globe-12","Neptune P1"},0)),0,$I31), IF(AND(NOT(OR($A30="Annual Leave",$A31="Annual Leave")),$A31="Off day"),$I31, MAX(0,$I31-$V31) ))))+W31 | O31: =IF(AND(OR($A30="Holiday",$A31="Holiday"), ISNUMBER(MATCH(TRIM($B31),{"Phagwah","Good Friday","Easter Monday","Labour Day","Christmas","Eid ul Azha","Romans-2","Globe-12","Neptune P1"},0))), $I31,0) | P31: =IF(OR($O$7="Canteen",$O$7="Head Office"),0,IF($I31<=0,0,IF(AND($I30<=0,OR(TRIM($J31)="Hebrews",TRIM($J31)="Romans",TRIM($J31)="Romans-2",TRIM($J31)="Globe",TRIM($J31)="Globe-12",TRIM($J31)="Neptune P1")),1,0))) | R31: =IF(OR($O$7="Canteen",$O$7="Head Office"),0,IF( AND( SUMIFS(I:I, C:C, C31) >= 8, COUNTIFS(C$14:C31, C31)=1, OR( TEXT(D31,"hh:mm:ss")="07:00:00", TEXT(D31,"hh:mm:ss")="15:00:00", TEXT(D31,"hh:mm:ss")="23:00:00", TEXT(D32,"hh:mm:ss")="07:00:00", TEXT(D32,"hh:mm:ss")="15:00:00", TEXT(D32,"hh:mm:ss")="23:00:00" ) ), 1, 0 )) | S31: =IF(OR($A30="Annual Leave",$A31="Annual Leave"),IF(AND($A30<>"Annual Leave",$A31="Annual Leave"),8,0),0) | U31: =MAX(0,40-Y31) | V31: =IF(OR($A31="Holiday",$A30="Holiday"),IF(OR($C31="",$D31=""),0, IF(OR($A30="Holiday",$A31="Holiday"),0, IF(AND(NOT(OR($A30="Annual Leave",$A31="Annual Leave")),$A31="Off day"),0, IF($I30+$I31>=8,IF($I30>=8,0,8-$I30),$I31) )))+IF(MOD(ROW(),2)=0,8,0),IF(OR($C31="",$D31=""),0, IF(OR($A30="Holiday",$A31="Holiday"),0, IF(AND(NOT(OR($A30="Annual Leave",$A31="Annual Leave")),$A31="Off day"),0, IF($I30+$I31>=8,IF($I30>=8,0,8-$I30),$I31) )))) | W31: =MAX(0,V31-U31) | X31: =IF(C31="","",C31-WEEKDAY(C31,1)+1) | Y31: =SUMPRODUCT(($X$14:$X30=X31)*(($V$14:$V30)+($O$14:$O30)))+IF(X31=X14,$L$11,0)
A32: On Day | C32: =C30+1 | E32: =IF(D32="", "", IF(D32=TIME(0,0,0), 0, IF(AND(D32>=TIME(0,0,1), D32<=TIME(2,0,0)), TIME(7,0,0), IF(AND(D32>=TIME(5,0,0), D32<=TIME(8,0,0)), TIME(12,0,0), IF(AND(D32>TIME(8,0,0), D32<=TIME(13,59,0)), TIME(15,0,0), IF(AND(D32>=TIME(14,0,0), D32<=TIME(17,59,0)), TIME(21,0,0), IF(AND(D32>=TIME(18,0,0), D32<=TIME(21,59,0)), TIME(0,0,0), IF(AND(D32>=TIME(22,0,0), D32<=TIME(23,59,59)), TIME(7,0,0), "")))))))) | G32: =E32 | I32: =ROUND(IF(OR(D32="",E32="",E32=0),0,IF(H32="",MOD(E32-D32,1)*24,MOD(H32-D32,1)*24)),2) | M32: =MAX(0,V32-W32) | N32: =(IF(OR($C32="",$D32=""),0, IF(OR($A32="Holiday",$A33="Holiday"), IF(ISNUMBER(MATCH(TRIM($B32),{"Phagwah","Good Friday","Easter Monday","Labour Day","Christmas","Eid ul Azha","Romans-2","Globe-12","Neptune P1"},0)),0,$I32), IF(AND(NOT(OR($A32="Annual Leave",$A33="Annual Leave")),$A32="Off day"),$I32, MAX(0,$I32-$V32) ))))+W32 | O32: =IF(AND(OR($A32="Holiday",$A33="Holiday"), ISNUMBER(MATCH(TRIM($B32),{"Phagwah","Good Friday","Easter Monday","Labour Day","Christmas","Eid ul Azha","Romans-2","Globe-12","Neptune P1"},0))), $I32,0) | P32: =IF(OR($O$7="Canteen",$O$7="Head Office"),0,IF($I32<=0,0,IF(OR(OR(TRIM($J32)="Hebrews",TRIM($J32)="Romans",TRIM($J32)="Romans-2",TRIM($J32)="Globe",TRIM($J32)="Globe-12",TRIM($J32)="Neptune P1"),AND($I33>0,OR(TRIM($J33)="Hebrews",TRIM($J33)="Romans",TRIM($J33)="Romans-2",TRIM($J33)="Globe",TRIM($J33)="Globe-12",TRIM($J33)="Neptune P1"))),1,0))) | R32: =IF(OR($O$7="Canteen",$O$7="Head Office"),0,IF( AND( SUMIFS(I:I, C:C, C32) >= 8, COUNTIFS(C$14:C32, C32)=1, OR( TEXT(D32,"hh:mm:ss")="07:00:00", TEXT(D32,"hh:mm:ss")="15:00:00", TEXT(D32,"hh:mm:ss")="23:00:00", TEXT(D33,"hh:mm:ss")="07:00:00", TEXT(D33,"hh:mm:ss")="15:00:00", TEXT(D33,"hh:mm:ss")="23:00:00" ) ), 1, 0 )) | S32: =IF(OR($A32="Annual Leave",$A33="Annual Leave"),IF($A32="Annual Leave",8,0),0) | U32: =MAX(0,40-Y32) | V32: =IF(OR($A32="Holiday",$A33="Holiday"),IF(OR($C32="",$D32=""),0, IF(OR($A32="Holiday",$A33="Holiday"),0, IF(AND(NOT(OR($A32="Annual Leave",$A33="Annual Leave")),$A32="Off day"),0, IF($I32+$I33>=8,IF($I32>=8,8,$I32),$I32) )))+IF(MOD(ROW(),2)=0,8,0),IF(OR($C32="",$D32=""),0, IF(OR($A32="Holiday",$A33="Holiday"),0, IF(AND(NOT(OR($A32="Annual Leave",$A33="Annual Leave")),$A32="Off day"),0, IF($I32+$I33>=8,IF($I32>=8,8,$I32),$I32) )))) | W32: =MAX(0,V32-U32) | X32: =IF(C32="","",C32-WEEKDAY(C32,1)+1) | Y32: =SUMPRODUCT(($X$14:$X31=X32)*(($V$14:$V31)+($O$14:$O31)))+IF(X32=X14,$L$11,0)
A33: On Day | C33: =C32 | E33: =IF(D33="", "", IF(D33=TIME(0,0,0), 0, IF(AND(D33>=TIME(0,0,1), D33<=TIME(2,0,0)), TIME(7,0,0), IF(AND(D33>=TIME(5,0,0), D33<=TIME(8,0,0)), TIME(12,0,0), IF(AND(D33>TIME(8,0,0), D33<=TIME(13,59,0)), TIME(15,0,0), IF(AND(D33>=TIME(14,0,0), D33<=TIME(17,59,0)), TIME(21,0,0), IF(AND(D33>=TIME(18,0,0), D33<=TIME(21,59,0)), TIME(0,0,0), IF(AND(D33>=TIME(22,0,0), D33<=TIME(23,59,59)), TIME(7,0,0), "")))))))) | G33: =E33 | I33: =ROUND(IF(OR(D33="",E33="",E33=0),0,IF(H33="",MOD(E33-D33,1)*24,MOD(H33-D33,1)*24)),2) | M33: =MAX(0,V33-W33) | N33: =(IF(OR($C33="",$D33=""),0, IF(OR($A32="Holiday",$A33="Holiday"), IF(ISNUMBER(MATCH(TRIM($B33),{"Phagwah","Good Friday","Easter Monday","Labour Day","Christmas","Eid ul Azha","Romans-2","Globe-12","Neptune P1"},0)),0,$I33), IF(AND(NOT(OR($A32="Annual Leave",$A33="Annual Leave")),$A33="Off day"),$I33, MAX(0,$I33-$V33) ))))+W33 | O33: =IF(AND(OR($A32="Holiday",$A33="Holiday"), ISNUMBER(MATCH(TRIM($B33),{"Phagwah","Good Friday","Easter Monday","Labour Day","Christmas","Eid ul Azha","Romans-2","Globe-12","Neptune P1"},0))), $I33,0) | P33: =IF(OR($O$7="Canteen",$O$7="Head Office"),0,IF($I33<=0,0,IF(AND($I32<=0,OR(TRIM($J33)="Hebrews",TRIM($J33)="Romans",TRIM($J33)="Romans-2",TRIM($J33)="Globe",TRIM($J33)="Globe-12",TRIM($J33)="Neptune P1")),1,0))) | R33: =IF(OR($O$7="Canteen",$O$7="Head Office"),0,IF( AND( SUMIFS(I:I, C:C, C33) >= 8, COUNTIFS(C$14:C33, C33)=1, OR( TEXT(D33,"hh:mm:ss")="07:00:00", TEXT(D33,"hh:mm:ss")="15:00:00", TEXT(D33,"hh:mm:ss")="23:00:00", TEXT(D34,"hh:mm:ss")="07:00:00", TEXT(D34,"hh:mm:ss")="15:00:00", TEXT(D34,"hh:mm:ss")="23:00:00" ) ), 1, 0 )) | S33: =IF(OR($A32="Annual Leave",$A33="Annual Leave"),IF(AND($A32<>"Annual Leave",$A33="Annual Leave"),8,0),0) | U33: =MAX(0,40-Y33) | V33: =IF(OR($A33="Holiday",$A32="Holiday"),IF(OR($C33="",$D33=""),0, IF(OR($A32="Holiday",$A33="Holiday"),0, IF(AND(NOT(OR($A32="Annual Leave",$A33="Annual Leave")),$A33="Off day"),0, IF($I32+$I33>=8,IF($I32>=8,0,8-$I32),$I33) )))+IF(MOD(ROW(),2)=0,8,0),IF(OR($C33="",$D33=""),0, IF(OR($A32="Holiday",$A33="Holiday"),0, IF(AND(NOT(OR($A32="Annual Leave",$A33="Annual Leave")),$A33="Off day"),0, IF($I32+$I33>=8,IF($I32>=8,0,8-$I32),$I33) )))) | W33: =MAX(0,V33-U33) | X33: =IF(C33="","",C33-WEEKDAY(C33,1)+1) | Y33: =SUMPRODUCT(($X$14:$X32=X33)*(($V$14:$V32)+($O$14:$O32)))+IF(X33=X14,$L$11,0)
A34: On Day | C34: =C32+1 | E34: =IF(D34="", "", IF(D34=TIME(0,0,0), 0, IF(AND(D34>=TIME(0,0,1), D34<=TIME(2,0,0)), TIME(7,0,0), IF(AND(D34>=TIME(5,0,0), D34<=TIME(8,0,0)), TIME(12,0,0), IF(AND(D34>TIME(8,0,0), D34<=TIME(13,59,0)), TIME(15,0,0), IF(AND(D34>=TIME(14,0,0), D34<=TIME(17,59,0)), TIME(21,0,0), IF(AND(D34>=TIME(18,0,0), D34<=TIME(21,59,0)), TIME(0,0,0), IF(AND(D34>=TIME(22,0,0), D34<=TIME(23,59,59)), TIME(7,0,0), "")))))))) | G34: =E34 | I34: =ROUND(IF(OR(D34="",E34="",E34=0),0,IF(H34="",MOD(E34-D34,1)*24,MOD(H34-D34,1)*24)),2) | M34: =MAX(0,V34-W34) | N34: =(IF(OR($C34="",$D34=""),0, IF(OR($A34="Holiday",$A35="Holiday"), IF(ISNUMBER(MATCH(TRIM($B34),{"Phagwah","Good Friday","Easter Monday","Labour Day","Christmas","Eid ul Azha","Romans-2","Globe-12","Neptune P1"},0)),0,$I34), IF(AND(NOT(OR($A34="Annual Leave",$A35="Annual Leave")),$A34="Off day"),$I34, MAX(0,$I34-$V34) ))))+W34 | O34: =IF(AND(OR($A34="Holiday",$A35="Holiday"), ISNUMBER(MATCH(TRIM($B34),{"Phagwah","Good Friday","Easter Monday","Labour Day","Christmas","Eid ul Azha","Romans-2","Globe-12","Neptune P1"},0))), $I34,0) | P34: =IF(OR($O$7="Canteen",$O$7="Head Office"),0,IF($I34<=0,0,IF(OR(OR(TRIM($J34)="Hebrews",TRIM($J34)="Romans",TRIM($J34)="Romans-2",TRIM($J34)="Globe",TRIM($J34)="Globe-12",TRIM($J34)="Neptune P1"),AND($I35>0,OR(TRIM($J35)="Hebrews",TRIM($J35)="Romans",TRIM($J35)="Romans-2",TRIM($J35)="Globe",TRIM($J35)="Globe-12",TRIM($J35)="Neptune P1"))),1,0))) | R34: =IF(OR($O$7="Canteen",$O$7="Head Office"),0,IF( AND( SUMIFS(I:I, C:C, C34) >= 8, COUNTIFS(C$14:C34, C34)=1, OR( TEXT(D34,"hh:mm:ss")="07:00:00", TEXT(D34,"hh:mm:ss")="15:00:00", TEXT(D34,"hh:mm:ss")="23:00:00", TEXT(D35,"hh:mm:ss")="07:00:00", TEXT(D35,"hh:mm:ss")="15:00:00", TEXT(D35,"hh:mm:ss")="23:00:00" ) ), 1, 0 )) | S34: =IF(OR($A34="Annual Leave",$A35="Annual Leave"),IF($A34="Annual Leave",8,0),0) | U34: =MAX(0,40-Y34) | V34: =IF(OR($A34="Holiday",$A35="Holiday"),IF(OR($C34="",$D34=""),0, IF(OR($A34="Holiday",$A35="Holiday"),0, IF(AND(NOT(OR($A34="Annual Leave",$A35="Annual Leave")),$A34="Off day"),0, IF($I34+$I35>=8,IF($I34>=8,8,$I34),$I34) )))+IF(MOD(ROW(),2)=0,8,0),IF(OR($C34="",$D34=""),0, IF(OR($A34="Holiday",$A35="Holiday"),0, IF(AND(NOT(OR($A34="Annual Leave",$A35="Annual Leave")),$A34="Off day"),0, IF($I34+$I35>=8,IF($I34>=8,8,$I34),$I34) )))) | W34: =MAX(0,V34-U34) | X34: =IF(C34="","",C34-WEEKDAY(C34,1)+1) | Y34: =SUMPRODUCT(($X$14:$X33=X34)*(($V$14:$V33)+($O$14:$O33)))+IF(X34=X14,$L$11,0)
A35: On Day | C35: =C34 | E35: =IF(D35="", "", IF(D35=TIME(0,0,0), 0, IF(AND(D35>=TIME(0,0,1), D35<=TIME(2,0,0)), TIME(7,0,0), IF(AND(D35>=TIME(5,0,0), D35<=TIME(8,0,0)), TIME(12,0,0), IF(AND(D35>TIME(8,0,0), D35<=TIME(13,59,0)), TIME(15,0,0), IF(AND(D35>=TIME(14,0,0), D35<=TIME(17,59,0)), TIME(21,0,0), IF(AND(D35>=TIME(18,0,0), D35<=TIME(21,59,0)), TIME(0,0,0), IF(AND(D35>=TIME(22,0,0), D35<=TIME(23,59,59)), TIME(7,0,0), "")))))))) | G35: =E35 | I35: =ROUND(IF(OR(D35="",E35="",E35=0),0,IF(H35="",MOD(E35-D35,1)*24,MOD(H35-D35,1)*24)),2) | M35: =MAX(0,V35-W35) | N35: =(IF(OR($C35="",$D35=""),0, IF(OR($A34="Holiday",$A35="Holiday"), IF(ISNUMBER(MATCH(TRIM($B35),{"Phagwah","Good Friday","Easter Monday","Labour Day","Christmas","Eid ul Azha","Romans-2","Globe-12","Neptune P1"},0)),0,$I35), IF(AND(NOT(OR($A34="Annual Leave",$A35="Annual Leave")),$A35="Off day"),$I35, MAX(0,$I35-$V35) ))))+W35 | O35: =IF(AND(OR($A34="Holiday",$A35="Holiday"), ISNUMBER(MATCH(TRIM($B35),{"Phagwah","Good Friday","Easter Monday","Labour Day","Christmas","Eid ul Azha","Romans-2","Globe-12","Neptune P1"},0))), $I35,0) | P35: =IF(OR($O$7="Canteen",$O$7="Head Office"),0,IF($I35<=0,0,IF(AND($I34<=0,OR(TRIM($J35)="Hebrews",TRIM($J35)="Romans",TRIM($J35)="Romans-2",TRIM($J35)="Globe",TRIM($J35)="Globe-12",TRIM($J35)="Neptune P1")),1,0))) | R35: =IF(OR($O$7="Canteen",$O$7="Head Office"),0,IF( AND( SUMIFS(I:I, C:C, C35) >= 8, COUNTIFS(C$14:C35, C35)=1, OR( TEXT(D35,"hh:mm:ss")="07:00:00", TEXT(D35,"hh:mm:ss")="15:00:00", TEXT(D35,"hh:mm:ss")="23:00:00", TEXT(D36,"hh:mm:ss")="07:00:00", TEXT(D36,"hh:mm:ss")="15:00:00", TEXT(D36,"hh:mm:ss")="23:00:00" ) ), 1, 0 )) | S35: =IF(OR($A34="Annual Leave",$A35="Annual Leave"),IF(AND($A34<>"Annual Leave",$A35="Annual Leave"),8,0),0) | U35: =MAX(0,40-Y35) | V35: =IF(OR($A35="Holiday",$A34="Holiday"),IF(OR($C35="",$D35=""),0, IF(OR($A34="Holiday",$A35="Holiday"),0, IF(AND(NOT(OR($A34="Annual Leave",$A35="Annual Leave")),$A35="Off day"),0, IF($I34+$I35>=8,IF($I34>=8,0,8-$I34),$I35) )))+IF(MOD(ROW(),2)=0,8,0),IF(OR($C35="",$D35=""),0, IF(OR($A34="Holiday",$A35="Holiday"),0, IF(AND(NOT(OR($A34="Annual Leave",$A35="Annual Leave")),$A35="Off day"),0, IF($I34+$I35>=8,IF($I34>=8,0,8-$I34),$I35) )))) | W35: =MAX(0,V35-U35) | X35: =IF(C35="","",C35-WEEKDAY(C35,1)+1) | Y35: =SUMPRODUCT(($X$14:$X34=X35)*(($V$14:$V34)+($O$14:$O34)))+IF(X35=X14,$L$11,0)
A36: On Day | C36: =C34+1 | E36: =IF(D36="", "", IF(D36=TIME(0,0,0), 0, IF(AND(D36>=TIME(0,0,1), D36<=TIME(2,0,0)), TIME(7,0,0), IF(AND(D36>=TIME(5,0,0), D36<=TIME(8,0,0)), TIME(12,0,0), IF(AND(D36>TIME(8,0,0), D36<=TIME(13,59,0)), TIME(15,0,0), IF(AND(D36>=TIME(14,0,0), D36<=TIME(17,59,0)), TIME(21,0,0), IF(AND(D36>=TIME(18,0,0), D36<=TIME(21,59,0)), TIME(0,0,0), IF(AND(D36>=TIME(22,0,0), D36<=TIME(23,59,59)), TIME(7,0,0), "")))))))) | G36: =E36 | I36: =ROUND(IF(OR(D36="",E36="",E36=0),0,IF(H36="",MOD(E36-D36,1)*24,MOD(H36-D36,1)*24)),2) | M36: =MAX(0,V36-W36) | N36: =(IF(OR($C36="",$D36=""),0, IF(OR($A36="Holiday",$A37="Holiday"), IF(ISNUMBER(MATCH(TRIM($B36),{"Phagwah","Good Friday","Easter Monday","Labour Day","Christmas","Eid ul Azha","Romans-2","Globe-12","Neptune P1"},0)),0,$I36), IF(AND(NOT(OR($A36="Annual Leave",$A37="Annual Leave")),$A36="Off day"),$I36, MAX(0,$I36-$V36) ))))+W36 | O36: =IF(AND(OR($A36="Holiday",$A37="Holiday"), ISNUMBER(MATCH(TRIM($B36),{"Phagwah","Good Friday","Easter Monday","Labour Day","Christmas","Eid ul Azha","Romans-2","Globe-12","Neptune P1"},0))), $I36,0) | P36: =IF(OR($O$7="Canteen",$O$7="Head Office"),0,IF($I36<=0,0,IF(OR(OR(TRIM($J36)="Hebrews",TRIM($J36)="Romans",TRIM($J36)="Romans-2",TRIM($J36)="Globe",TRIM($J36)="Globe-12",TRIM($J36)="Neptune P1"),AND($I37>0,OR(TRIM($J37)="Hebrews",TRIM($J37)="Romans",TRIM($J37)="Romans-2",TRIM($J37)="Globe",TRIM($J37)="Globe-12",TRIM($J37)="Neptune P1"))),1,0))) | R36: =IF(OR($O$7="Canteen",$O$7="Head Office"),0,IF( AND( SUMIFS(I:I, C:C, C36) >= 8, COUNTIFS(C$14:C36, C36)=1, OR( TEXT(D36,"hh:mm:ss")="07:00:00", TEXT(D36,"hh:mm:ss")="15:00:00", TEXT(D36,"hh:mm:ss")="23:00:00", TEXT(D37,"hh:mm:ss")="07:00:00", TEXT(D37,"hh:mm:ss")="15:00:00", TEXT(D37,"hh:mm:ss")="23:00:00" ) ), 1, 0 )) | S36: =IF(OR($A36="Annual Leave",$A37="Annual Leave"),IF($A36="Annual Leave",8,0),0) | U36: =MAX(0,40-Y36) | V36: =IF(OR($A36="Holiday",$A37="Holiday"),IF(OR($C36="",$D36=""),0, IF(OR($A36="Holiday",$A37="Holiday"),0, IF(AND(NOT(OR($A36="Annual Leave",$A37="Annual Leave")),$A36="Off day"),0, IF($I36+$I37>=8,IF($I36>=8,8,$I36),$I36) )))+IF(MOD(ROW(),2)=0,8,0),IF(OR($C36="",$D36=""),0, IF(OR($A36="Holiday",$A37="Holiday"),0, IF(AND(NOT(OR($A36="Annual Leave",$A37="Annual Leave")),$A36="Off day"),0, IF($I36+$I37>=8,IF($I36>=8,8,$I36),$I36) )))) | W36: =MAX(0,V36-U36) | X36: =IF(C36="","",C36-WEEKDAY(C36,1)+1) | Y36: =SUMPRODUCT(($X$14:$X35=X36)*(($V$14:$V35)+($O$14:$O35)))+IF(X36=X14,$L$11,0)
A37: On Day | C37: =C36 | E37: =IF(D37="", "", IF(D37=TIME(0,0,0), 0, IF(AND(D37>=TIME(0,0,1), D37<=TIME(2,0,0)), TIME(7,0,0), IF(AND(D37>=TIME(5,0,0), D37<=TIME(8,0,0)), TIME(12,0,0), IF(AND(D37>TIME(8,0,0), D37<=TIME(13,59,0)), TIME(15,0,0), IF(AND(D37>=TIME(14,0,0), D37<=TIME(17,59,0)), TIME(21,0,0), IF(AND(D37>=TIME(18,0,0), D37<=TIME(21,59,0)), TIME(0,0,0), IF(AND(D37>=TIME(22,0,0), D37<=TIME(23,59,59)), TIME(7,0,0), "")))))))) | G37: =E37 | I37: =ROUND(IF(OR(D37="",E37="",E37=0),0,IF(H37="",MOD(E37-D37,1)*24,MOD(H37-D37,1)*24)),2) | M37: =MAX(0,V37-W37) | N37: =(IF(OR($C37="",$D37=""),0, IF(OR($A36="Holiday",$A37="Holiday"), IF(ISNUMBER(MATCH(TRIM($B37),{"Phagwah","Good Friday","Easter Monday","Labour Day","Christmas","Eid ul Azha","Romans-2","Globe-12","Neptune P1"},0)),0,$I37), IF(AND(NOT(OR($A36="Annual Leave",$A37="Annual Leave")),$A37="Off day"),$I37, MAX(0,$I37-$V37) ))))+W37 | O37: =IF(AND(OR($A36="Holiday",$A37="Holiday"), ISNUMBER(MATCH(TRIM($B37),{"Phagwah","Good Friday","Easter Monday","Labour Day","Christmas","Eid ul Azha","Romans-2","Globe-12","Neptune P1"},0))), $I37,0) | P37: =IF(OR($O$7="Canteen",$O$7="Head Office"),0,IF($I37<=0,0,IF(AND($I36<=0,OR(TRIM($J37)="Hebrews",TRIM($J37)="Romans",TRIM($J37)="Romans-2",TRIM($J37)="Globe",TRIM($J37)="Globe-12",TRIM($J37)="Neptune P1")),1,0))) | R37: =IF(OR($O$7="Canteen",$O$7="Head Office"),0,IF( AND( SUMIFS(I:I, C:C, C37) >= 8, COUNTIFS(C$14:C37, C37)=1, OR( TEXT(D37,"hh:mm:ss")="07:00:00", TEXT(D37,"hh:mm:ss")="15:00:00", TEXT(D37,"hh:mm:ss")="23:00:00", TEXT(D38,"hh:mm:ss")="07:00:00", TEXT(D38,"hh:mm:ss")="15:00:00", TEXT(D38,"hh:mm:ss")="23:00:00" ) ), 1, 0 )) | S37: =IF(OR($A36="Annual Leave",$A37="Annual Leave"),IF(AND($A36<>"Annual Leave",$A37="Annual Leave"),8,0),0) | U37: =MAX(0,40-Y37) | V37: =IF(OR($A37="Holiday",$A36="Holiday"),IF(OR($C37="",$D37=""),0, IF(OR($A36="Holiday",$A37="Holiday"),0, IF(AND(NOT(OR($A36="Annual Leave",$A37="Annual Leave")),$A37="Off day"),0, IF($I36+$I37>=8,IF($I36>=8,0,8-$I36),$I37) )))+IF(MOD(ROW(),2)=0,8,0),IF(OR($C37="",$D37=""),0, IF(OR($A36="Holiday",$A37="Holiday"),0, IF(AND(NOT(OR($A36="Annual Leave",$A37="Annual Leave")),$A37="Off day"),0, IF($I36+$I37>=8,IF($I36>=8,0,8-$I36),$I37) )))) | W37: =MAX(0,V37-U37) | X37: =IF(C37="","",C37-WEEKDAY(C37,1)+1) | Y37: =SUMPRODUCT(($X$14:$X36=X37)*(($V$14:$V36)+($O$14:$O36)))+IF(X37=X14,$L$11,0)
A38: On Day | C38: =C36+1 | E38: =IF(D38="", "", IF(D38=TIME(0,0,0), 0, IF(AND(D38>=TIME(0,0,1), D38<=TIME(2,0,0)), TIME(7,0,0), IF(AND(D38>=TIME(5,0,0), D38<=TIME(8,0,0)), TIME(12,0,0), IF(AND(D38>TIME(8,0,0), D38<=TIME(13,59,0)), TIME(15,0,0), IF(AND(D38>=TIME(14,0,0), D38<=TIME(17,59,0)), TIME(21,0,0), IF(AND(D38>=TIME(18,0,0), D38<=TIME(21,59,0)), TIME(0,0,0), IF(AND(D38>=TIME(22,0,0), D38<=TIME(23,59,59)), TIME(7,0,0), "")))))))) | G38: =E38 | I38: =ROUND(IF(OR(D38="",E38="",E38=0),0,IF(H38="",MOD(E38-D38,1)*24,MOD(H38-D38,1)*24)),2) | M38: =MAX(0,V38-W38) | N38: =(IF(OR($C38="",$D38=""),0, IF(OR($A38="Holiday",$A39="Holiday"), IF(ISNUMBER(MATCH(TRIM($B38),{"Phagwah","Good Friday","Easter Monday","Labour Day","Christmas","Eid ul Azha","Romans-2","Globe-12","Neptune P1"},0)),0,$I38), IF(AND(NOT(OR($A38="Annual Leave",$A39="Annual Leave")),$A38="Off day"),$I38, MAX(0,$I38-$V38) ))))+W38 | O38: =IF(AND(OR($A38="Holiday",$A39="Holiday"), ISNUMBER(MATCH(TRIM($B38),{"Phagwah","Good Friday","Easter Monday","Labour Day","Christmas","Eid ul Azha","Romans-2","Globe-12","Neptune P1"},0))), $I38,0) | P38: =IF(OR($O$7="Canteen",$O$7="Head Office"),0,IF($I38<=0,0,IF(OR(OR(TRIM($J38)="Hebrews",TRIM($J38)="Romans",TRIM($J38)="Romans-2",TRIM($J38)="Globe",TRIM($J38)="Globe-12",TRIM($J38)="Neptune P1"),AND($I39>0,OR(TRIM($J39)="Hebrews",TRIM($J39)="Romans",TRIM($J39)="Romans-2",TRIM($J39)="Globe",TRIM($J39)="Globe-12",TRIM($J39)="Neptune P1"))),1,0))) | R38: =IF(OR($O$7="Canteen",$O$7="Head Office"),0,IF( AND( SUMIFS(I:I, C:C, C38) >= 8, COUNTIFS(C$14:C38, C38)=1, OR( TEXT(D38,"hh:mm:ss")="07:00:00", TEXT(D38,"hh:mm:ss")="15:00:00", TEXT(D38,"hh:mm:ss")="23:00:00", TEXT(D39,"hh:mm:ss")="07:00:00", TEXT(D39,"hh:mm:ss")="15:00:00", TEXT(D39,"hh:mm:ss")="23:00:00" ) ), 1, 0 )) | S38: =IF(OR($A38="Annual Leave",$A39="Annual Leave"),IF($A38="Annual Leave",8,0),0) | U38: =MAX(0,40-Y38) | V38: =IF(OR($A38="Holiday",$A39="Holiday"),IF(OR($C38="",$D38=""),0, IF(OR($A38="Holiday",$A39="Holiday"),0, IF(AND(NOT(OR($A38="Annual Leave",$A39="Annual Leave")),$A38="Off day"),0, IF($I38+$I39>=8,IF($I38>=8,8,$I38),$I38) )))+IF(MOD(ROW(),2)=0,8,0),IF(OR($C38="",$D38=""),0, IF(OR($A38="Holiday",$A39="Holiday"),0, IF(AND(NOT(OR($A38="Annual Leave",$A39="Annual Leave")),$A38="Off day"),0, IF($I38+$I39>=8,IF($I38>=8,8,$I38),$I38) )))) | W38: =MAX(0,V38-U38) | X38: =IF(C38="","",C38-WEEKDAY(C38,1)+1) | Y38: =SUMPRODUCT(($X$14:$X37=X38)*(($V$14:$V37)+($O$14:$O37)))+IF(X38=X14,$L$11,0)
A39: On Day | C39: =C38 | E39: =IF(D39="", "", IF(D39=TIME(0,0,0), 0, IF(AND(D39>=TIME(0,0,1), D39<=TIME(2,0,0)), TIME(7,0,0), IF(AND(D39>=TIME(5,0,0), D39<=TIME(8,0,0)), TIME(12,0,0), IF(AND(D39>TIME(8,0,0), D39<=TIME(13,59,0)), TIME(15,0,0), IF(AND(D39>=TIME(14,0,0), D39<=TIME(17,59,0)), TIME(21,0,0), IF(AND(D39>=TIME(18,0,0), D39<=TIME(21,59,0)), TIME(0,0,0), IF(AND(D39>=TIME(22,0,0), D39<=TIME(23,59,59)), TIME(7,0,0), "")))))))) | G39: =E39 | I39: =ROUND(IF(OR(D39="",E39="",E39=0),0,IF(H39="",MOD(E39-D39,1)*24,MOD(H39-D39,1)*24)),2) | M39: =MAX(0,V39-W39) | N39: =(IF(OR($C39="",$D39=""),0, IF(OR($A38="Holiday",$A39="Holiday"), IF(ISNUMBER(MATCH(TRIM($B39),{"Phagwah","Good Friday","Easter Monday","Labour Day","Christmas","Eid ul Azha","Romans-2","Globe-12","Neptune P1"},0)),0,$I39), IF(AND(NOT(OR($A38="Annual Leave",$A39="Annual Leave")),$A39="Off day"),$I39, MAX(0,$I39-$V39) ))))+W39 | O39: =IF(AND(OR($A38="Holiday",$A39="Holiday"), ISNUMBER(MATCH(TRIM($B39),{"Phagwah","Good Friday","Easter Monday","Labour Day","Christmas","Eid ul Azha","Romans-2","Globe-12","Neptune P1"},0))), $I39,0) | P39: =IF(OR($O$7="Canteen",$O$7="Head Office"),0,IF($I39<=0,0,IF(AND($I38<=0,OR(TRIM($J39)="Hebrews",TRIM($J39)="Romans",TRIM($J39)="Romans-2",TRIM($J39)="Globe",TRIM($J39)="Globe-12",TRIM($J39)="Neptune P1")),1,0))) | R39: =IF(OR($O$7="Canteen",$O$7="Head Office"),0,IF( AND( SUMIFS(I:I, C:C, C39) >= 8, COUNTIFS(C$14:C39, C39)=1, OR( TEXT(D39,"hh:mm:ss")="07:00:00", TEXT(D39,"hh:mm:ss")="15:00:00", TEXT(D39,"hh:mm:ss")="23:00:00", TEXT(D40,"hh:mm:ss")="07:00:00", TEXT(D40,"hh:mm:ss")="15:00:00", TEXT(D40,"hh:mm:ss")="23:00:00" ) ), 1, 0 )) | S39: =IF(OR($A38="Annual Leave",$A39="Annual Leave"),IF(AND($A38<>"Annual Leave",$A39="Annual Leave"),8,0),0) | U39: =MAX(0,40-Y39) | V39: =IF(OR($A39="Holiday",$A38="Holiday"),IF(OR($C39="",$D39=""),0, IF(OR($A38="Holiday",$A39="Holiday"),0, IF(AND(NOT(OR($A38="Annual Leave",$A39="Annual Leave")),$A39="Off day"),0, IF($I38+$I39>=8,IF($I38>=8,0,8-$I38),$I39) )))+IF(MOD(ROW(),2)=0,8,0),IF(OR($C39="",$D39=""),0, IF(OR($A38="Holiday",$A39="Holiday"),0, IF(AND(NOT(OR($A38="Annual Leave",$A39="Annual Leave")),$A39="Off day"),0, IF($I38+$I39>=8,IF($I38>=8,0,8-$I38),$I39) )))) | W39: =MAX(0,V39-U39) | X39: =IF(C39="","",C39-WEEKDAY(C39,1)+1) | Y39: =SUMPRODUCT(($X$14:$X38=X39)*(($V$14:$V38)+($O$14:$O38)))+IF(X39=X14,$L$11,0)
A40: On Day | C40: =C38+1 | E40: =IF(D40="", "", IF(D40=TIME(0,0,0), 0, IF(AND(D40>=TIME(0,0,1), D40<=TIME(2,0,0)), TIME(7,0,0), IF(AND(D40>=TIME(5,0,0), D40<=TIME(8,0,0)), TIME(12,0,0), IF(AND(D40>TIME(8,0,0), D40<=TIME(13,59,0)), TIME(15,0,0), IF(AND(D40>=TIME(14,0,0), D40<=TIME(17,59,0)), TIME(21,0,0), IF(AND(D40>=TIME(18,0,0), D40<=TIME(21,59,0)), TIME(0,0,0), IF(AND(D40>=TIME(22,0,0), D40<=TIME(23,59,59)), TIME(7,0,0), "")))))))) | G40: =E40 | I40: =ROUND(IF(OR(D40="",E40="",E40=0),0,IF(H40="",MOD(E40-D40,1)*24,MOD(H40-D40,1)*24)),2) | M40: =MAX(0,V40-W40) | N40: =(IF(OR($C40="",$D40=""),0, IF(OR($A40="Holiday",$A41="Holiday"), IF(ISNUMBER(MATCH(TRIM($B40),{"Phagwah","Good Friday","Easter Monday","Labour Day","Christmas","Eid ul Azha","Romans-2","Globe-12","Neptune P1"},0)),0,$I40), IF(AND(NOT(OR($A40="Annual Leave",$A41="Annual Leave")),$A40="Off day"),$I40, MAX(0,$I40-$V40) ))))+W40 | O40: =IF(AND(OR($A40="Holiday",$A41="Holiday"), ISNUMBER(MATCH(TRIM($B40),{"Phagwah","Good Friday","Easter Monday","Labour Day","Christmas","Eid ul Azha","Romans-2","Globe-12","Neptune P1"},0))), $I40,0) | P40: =IF(OR($O$7="Canteen",$O$7="Head Office"),0,IF($I40<=0,0,IF(OR(OR(TRIM($J40)="Hebrews",TRIM($J40)="Romans",TRIM($J40)="Romans-2",TRIM($J40)="Globe",TRIM($J40)="Globe-12",TRIM($J40)="Neptune P1"),AND($I41>0,OR(TRIM($J41)="Hebrews",TRIM($J41)="Romans",TRIM($J41)="Romans-2",TRIM($J41)="Globe",TRIM($J41)="Globe-12",TRIM($J41)="Neptune P1"))),1,0))) | R40: =IF(OR($O$7="Canteen",$O$7="Head Office"),0,IF( AND( SUMIFS(I:I, C:C, C40) >= 8, COUNTIFS(C$14:C40, C40)=1, OR( TEXT(D40,"hh:mm:ss")="07:00:00", TEXT(D40,"hh:mm:ss")="15:00:00", TEXT(D40,"hh:mm:ss")="23:00:00", TEXT(D41,"hh:mm:ss")="07:00:00", TEXT(D41,"hh:mm:ss")="15:00:00", TEXT(D41,"hh:mm:ss")="23:00:00" ) ), 1, 0 )) | S40: =IF(OR($A40="Annual Leave",$A41="Annual Leave"),IF($A40="Annual Leave",8,0),0) | U40: =MAX(0,40-Y40) | V40: =IF(OR($A40="Holiday",$A41="Holiday"),IF(OR($C40="",$D40=""),0, IF(OR($A40="Holiday",$A41="Holiday"),0, IF(AND(NOT(OR($A40="Annual Leave",$A41="Annual Leave")),$A40="Off day"),0, IF($I40+$I41>=8,IF($I40>=8,8,$I40),$I40) )))+IF(MOD(ROW(),2)=0,8,0),IF(OR($C40="",$D40=""),0, IF(OR($A40="Holiday",$A41="Holiday"),0, IF(AND(NOT(OR($A40="Annual Leave",$A41="Annual Leave")),$A40="Off day"),0, IF($I40+$I41>=8,IF($I40>=8,8,$I40),$I40) )))) | W40: =MAX(0,V40-U40) | X40: =IF(C40="","",C40-WEEKDAY(C40,1)+1) | Y40: =SUMPRODUCT(($X$14:$X39=X40)*(($V$14:$V39)+($O$14:$O39)))+IF(X40=X14,$L$11,0)
A41: On Day | C41: =C40 | E41: =IF(D41="", "", IF(D41=TIME(0,0,0), 0, IF(AND(D41>=TIME(0,0,1), D41<=TIME(2,0,0)), TIME(7,0,0), IF(AND(D41>=TIME(5,0,0), D41<=TIME(8,0,0)), TIME(12,0,0), IF(AND(D41>TIME(8,0,0), D41<=TIME(13,59,0)), TIME(15,0,0), IF(AND(D41>=TIME(14,0,0), D41<=TIME(17,59,0)), TIME(21,0,0), IF(AND(D41>=TIME(18,0,0), D41<=TIME(21,59,0)), TIME(0,0,0), IF(AND(D41>=TIME(22,0,0), D41<=TIME(23,59,59)), TIME(7,0,0), "")))))))) | G41: =E41 | I41: =ROUND(IF(OR(D41="",E41="",E41=0),0,IF(H41="",MOD(E41-D41,1)*24,MOD(H41-D41,1)*24)),2) | M41: =MAX(0,V41-W41) | N41: =(IF(OR($C41="",$D41=""),0, IF(OR($A40="Holiday",$A41="Holiday"), IF(ISNUMBER(MATCH(TRIM($B41),{"Phagwah","Good Friday","Easter Monday","Labour Day","Christmas","Eid ul Azha","Romans-2","Globe-12","Neptune P1"},0)),0,$I41), IF(AND(NOT(OR($A40="Annual Leave",$A41="Annual Leave")),$A41="Off day"),$I41, MAX(0,$I41-$V41) ))))+W41 | O41: =IF(AND(OR($A40="Holiday",$A41="Holiday"), ISNUMBER(MATCH(TRIM($B41),{"Phagwah","Good Friday","Easter Monday","Labour Day","Christmas","Eid ul Azha","Romans-2","Globe-12","Neptune P1"},0))), $I41,0) | P41: =IF(OR($O$7="Canteen",$O$7="Head Office"),0,IF($I41<=0,0,IF(AND($I40<=0,OR(TRIM($J41)="Hebrews",TRIM($J41)="Romans",TRIM($J41)="Romans-2",TRIM($J41)="Globe",TRIM($J41)="Globe-12",TRIM($J41)="Neptune P1")),1,0))) | R41: =IF(OR($O$7="Canteen",$O$7="Head Office"),0,IF( AND( SUMIFS(I:I, C:C, C41) >= 8, COUNTIFS(C$14:C41, C41)=1, OR( TEXT(D41,"hh:mm:ss")="07:00:00", TEXT(D41,"hh:mm:ss")="15:00:00", TEXT(D41,"hh:mm:ss")="23:00:00", TEXT(D42,"hh:mm:ss")="07:00:00", TEXT(D42,"hh:mm:ss")="15:00:00", TEXT(D42,"hh:mm:ss")="23:00:00" ) ), 1, 0 )) | S41: =IF(OR($A40="Annual Leave",$A41="Annual Leave"),IF(AND($A40<>"Annual Leave",$A41="Annual Leave"),8,0),0) | U41: =MAX(0,40-Y41) | V41: =IF(OR($A41="Holiday",$A40="Holiday"),IF(OR($C41="",$D41=""),0, IF(OR($A40="Holiday",$A41="Holiday"),0, IF(AND(NOT(OR($A40="Annual Leave",$A41="Annual Leave")),$A41="Off day"),0, IF($I40+$I41>=8,IF($I40>=8,0,8-$I40),$I41) )))+IF(MOD(ROW(),2)=0,8,0),IF(OR($C41="",$D41=""),0, IF(OR($A40="Holiday",$A41="Holiday"),0, IF(AND(NOT(OR($A40="Annual Leave",$A41="Annual Leave")),$A41="Off day"),0, IF($I40+$I41>=8,IF($I40>=8,0,8-$I40),$I41) )))) | W41: =MAX(0,V41-U41) | X41: =IF(C41="","",C41-WEEKDAY(C41,1)+1) | Y41: =SUMPRODUCT(($X$14:$X40=X41)*(($V$14:$V40)+($O$14:$O40)))+IF(X41=X14,$L$11,0)
A42: On Day | C42: =C40+1 | E42: =IF(D42="", "", IF(D42=TIME(0,0,0), 0, IF(AND(D42>=TIME(0,0,1), D42<=TIME(2,0,0)), TIME(7,0,0), IF(AND(D42>=TIME(5,0,0), D42<=TIME(8,0,0)), TIME(12,0,0), IF(AND(D42>TIME(8,0,0), D42<=TIME(13,59,0)), TIME(15,0,0), IF(AND(D42>=TIME(14,0,0), D42<=TIME(17,59,0)), TIME(21,0,0), IF(AND(D42>=TIME(18,0,0), D42<=TIME(21,59,0)), TIME(0,0,0), IF(AND(D42>=TIME(22,0,0), D42<=TIME(23,59,59)), TIME(7,0,0), "")))))))) | G42: =E42 | I42: =ROUND(IF(OR(D42="",E42="",E42=0),0,IF(H42="",MOD(E42-D42,1)*24,MOD(H42-D42,1)*24)),2) | M42: =MAX(0,V42-W42) | N42: =(IF(OR($C42="",$D42=""),0, IF(OR($A42="Holiday",$A43="Holiday"), IF(ISNUMBER(MATCH(TRIM($B42),{"Phagwah","Good Friday","Easter Monday","Labour Day","Christmas","Eid ul Azha","Romans-2","Globe-12","Neptune P1"},0)),0,$I42), IF(AND(NOT(OR($A42="Annual Leave",$A43="Annual Leave")),$A42="Off day"),$I42, MAX(0,$I42-$V42) ))))+W42 | O42: =IF(AND(OR($A42="Holiday",$A43="Holiday"), ISNUMBER(MATCH(TRIM($B42),{"Phagwah","Good Friday","Easter Monday","Labour Day","Christmas","Eid ul Azha","Romans-2","Globe-12","Neptune P1"},0))), $I42,0) | P42: =IF(OR($O$7="Canteen",$O$7="Head Office"),0,IF($I42<=0,0,IF(OR(OR(TRIM($J42)="Hebrews",TRIM($J42)="Romans",TRIM($J42)="Romans-2",TRIM($J42)="Globe",TRIM($J42)="Globe-12",TRIM($J42)="Neptune P1"),AND($I43>0,OR(TRIM($J43)="Hebrews",TRIM($J43)="Romans",TRIM($J43)="Romans-2",TRIM($J43)="Globe",TRIM($J43)="Globe-12",TRIM($J43)="Neptune P1"))),1,0))) | R42: =IF(OR($O$7="Canteen",$O$7="Head Office"),0,IF( AND( SUMIFS(I:I, C:C, C42) >= 8, COUNTIFS(C$14:C42, C42)=1, OR( TEXT(D42,"hh:mm:ss")="07:00:00", TEXT(D42,"hh:mm:ss")="15:00:00", TEXT(D42,"hh:mm:ss")="23:00:00", TEXT(D43,"hh:mm:ss")="07:00:00", TEXT(D43,"hh:mm:ss")="15:00:00", TEXT(D43,"hh:mm:ss")="23:00:00" ) ), 1, 0 )) | S42: =IF(OR($A42="Annual Leave",$A43="Annual Leave"),IF($A42="Annual Leave",8,0),0) | U42: =MAX(0,40-Y42) | V42: =IF(OR($A42="Holiday",$A43="Holiday"),IF(OR($C42="",$D42=""),0, IF(OR($A42="Holiday",$A43="Holiday"),0, IF(AND(NOT(OR($A42="Annual Leave",$A43="Annual Leave")),$A42="Off day"),0, IF($I42+$I43>=8,IF($I42>=8,8,$I42),$I42) )))+IF(MOD(ROW(),2)=0,8,0),IF(OR($C42="",$D42=""),0, IF(OR($A42="Holiday",$A43="Holiday"),0, IF(AND(NOT(OR($A42="Annual Leave",$A43="Annual Leave")),$A42="Off day"),0, IF($I42+$I43>=8,IF($I42>=8,8,$I42),$I42) )))) | W42: =MAX(0,V42-U42) | X42: =IF(C42="","",C42-WEEKDAY(C42,1)+1) | Y42: =SUMPRODUCT(($X$14:$X41=X42)*(($V$14:$V41)+($O$14:$O41)))+IF(X42=X14,$L$11,0)
